title,link
홍삼,https://prod.danawa.com/list/?cate=16253962
녹용/흑염소,https://prod.danawa.com/list/?cate=16253969
영양제,https://prod.danawa.com/list/?cate=1622280
유산균,https://prod.danawa.com/list/?cate=16242109
비타민/미네랄,https://prod.danawa.com/list/?cate=1622278
단백질 보충제,https://prod.danawa.com/list/?cate=16253979
건강즙/환/분말,https://prod.danawa.com/list/?cate=16216017
환자영양식/균형식,https://prod.danawa.com/list/?cate=16222599
이너뷰티,https://prod.danawa.com/list/?cate=16225855
프로폴리스/꿀,https://prod.danawa.com/list/?cate=16216030
TV홈쇼핑 건강식품,https://prod.danawa.com/list/?cate=16249550
전체보기,https://prod.danawa.com/list/?cate=16254123
단백질 보충제,https://prod.danawa.com/list/?cate=16245631
다이어트 보조제,https://prod.danawa.com/list/?cate=16245639
다이어트 유산균,https://prod.danawa.com/list/?cate=16246634
헬스보충제/아미노산,https://prod.danawa.com/list/?cate=16245634
시서스,https://prod.danawa.com/list/?cate=16254132
가르시니아,https://prod.danawa.com/list/?cate=16254133
이너뷰티/글루타치온,https://prod.danawa.com/list/?cate=16254134
콜라겐,https://prod.danawa.com/list/?cate=16254141
닭가슴살,https://prod.danawa.com/list/?cate=16245646
생수,https://prod.danawa.com/list/?cate=1623153
제로칼로리음료,https://prod.danawa.com/list/?cate=16240050
콜라/사이다/환타,https://prod.danawa.com/list/?cate=1623180
탄산수,https://prod.danawa.com/list/?cate=16217823
에너지/이온음료,https://prod.danawa.com/list/?cate=16217927
두유/아몬드음료,https://prod.danawa.com/list/?cate=16216679
우유,https://prod.danawa.com/list/?cate=1623155
요거트/요구르트,https://prod.danawa.com/list/?cate=16244929
아이스티/에이드,https://prod.danawa.com/list/?cate=16222395
과채주스/음료,https://prod.danawa.com/list/?cate=1623158
보리차/차음료,https://prod.danawa.com/list/?cate=16217959
무알콜맥주/음료,https://prod.danawa.com/list/?cate=16240674
술/전통주/와인,https://prod.danawa.com/list/?cate=16224475
커피믹스,https://prod.danawa.com/list/?cate=1623162
대용량 커피/차,https://prod.danawa.com/list/?cate=16219805
캡슐커피,https://prod.danawa.com/list/?cate=16239724
원두커피/드립백,https://prod.danawa.com/list/?cate=16216186
커피음료,https://prod.danawa.com/list/?cate=16216188
차음료,https://prod.danawa.com/list/?cate=16240043
녹차/허브차/꽃차,https://prod.danawa.com/list/?cate=16221836
홍차/밀크티,https://prod.danawa.com/list/?cate=16242798
유자/과일차,https://prod.danawa.com/list/?cate=16221876
율무/곡물차,https://prod.danawa.com/list/?cate=16242810
쌍화/생강/전통차,https://prod.danawa.com/list/?cate=16242823
핫초코/코코아,https://prod.danawa.com/list/?cate=16241457
조미료/물엿/식초,https://prod.danawa.com/list/?cate=16222254
설탕/소금/후추,https://prod.danawa.com/list/?cate=16228264
고추장/된장/간장류,https://prod.danawa.com/list/?cate=16222220
케찹/소스/드레싱,https://prod.danawa.com/list/?cate=16222244
육수/찌개양념,https://prod.danawa.com/list/?cate=16241171
식용유/참기름,https://prod.danawa.com/list/?cate=16222230
시럽/색소/향료,https://prod.danawa.com/list/?cate=16222253
잼류/스프레드,https://prod.danawa.com/list/?cate=16226015
밀가루/곡물가루,https://prod.danawa.com/list/?cate=16222264
대용량 조미료/장류,https://prod.danawa.com/list/?cate=16222806
오일/양념 선물세트,https://prod.danawa.com/list/?cate=16226068
과자,https://prod.danawa.com/list/?cate=16228134
에너지바/프로틴바,https://prod.danawa.com/list/?cate=16241568
시리얼,https://prod.danawa.com/list/?cate=16242165
대용량 과자,https://prod.danawa.com/list/?cate=16226552
초콜릿/사탕/젤리,https://prod.danawa.com/list/?cate=16228138
빵/떡/한과,https://prod.danawa.com/list/?cate=16228137
아이스크림/팥빙수,https://prod.danawa.com/list/?cate=16231183
원물간식/견과류,https://prod.danawa.com/list/?cate=16228642
사무실용 간식,https://prod.danawa.com/list/?cate=16248214
