Title,Link
"코카콜라 제로, 190ml, 30개",https://www.coupang.com/vp/products/8176485055?itemId=16014300434&vendorItemId=88377301608&sourceType=srp_product_ads&clickEventId=cd105440-7e69-11ef-8da0-e58fa9bf1c2a&korePlacement=15&koreSubPlacement=1&clickEventId=cd105440-7e69-11ef-8da0-e58fa9bf1c2a&korePlacement=15&koreSubPlacement=1
"닥터페퍼 제로, 355ml, 24개",https://www.coupang.com/vp/products/7025568126?itemId=18294446292&vendorItemId=88377572188
"닥터페퍼 제로, 355ml, 48개",https://www.coupang.com/vp/products/7025568126?itemId=19600340618&vendorItemId=88377653121
"천연사이다 제로, 12개, 1.5L",https://www.coupang.com/vp/products/7475946492?itemId=19850573831&vendorItemId=88040336237
"갈배 사이다 제로, 48개, 355ml",https://www.coupang.com/vp/products/7604723347?itemId=19840738046&vendorItemId=86942271664&sourceType=srp_product_ads&clickEventId=cd105440-7e69-11ef-b09c-45a83925c10b&korePlacement=15&koreSubPlacement=5&clickEventId=cd105440-7e69-11ef-b09c-45a83925c10b&korePlacement=15&koreSubPlacement=5
"갈배 사이다 제로, 24개, 355ml",https://www.coupang.com/vp/products/7604723347?itemId=20126093307&vendorItemId=86918028403&sourceType=srp_product_ads&clickEventId=cd105440-7e69-11ef-8502-ad7dec726537&korePlacement=15&koreSubPlacement=6&clickEventId=cd105440-7e69-11ef-8502-ad7dec726537&korePlacement=15&koreSubPlacement=6
"스프라이트 제로 탄산음료, 1L, 12개",https://www.coupang.com/vp/products/8255038473?itemId=23771770174&vendorItemId=90796045082
"웰치스 제로 샤인머스캣, 600ml, 24개",https://www.coupang.com/vp/products/7683444811?itemId=23098962186&vendorItemId=85789993109
"클룹 제로소다 레몬, 30개, 250ml",https://www.coupang.com/vp/products/7839385318?itemId=21979773936&vendorItemId=89027437817&sourceType=srp_product_ads&clickEventId=cd105440-7e69-11ef-a2f0-da8444e56658&korePlacement=15&koreSubPlacement=9&clickEventId=cd105440-7e69-11ef-a2f0-da8444e56658&korePlacement=15&koreSubPlacement=9
"웰치스 웰치 제로 그레이프맛, 600ml, 6개",https://www.coupang.com/vp/products/7837758650?itemId=22410820215&vendorItemId=83494454141
"하이트진로음료 진로 토닉 워터 아이셔 청사과맛, 300ml, 24개",https://www.coupang.com/vp/products/8274874399?itemId=23851662110&vendorItemId=90875045313&sourceType=srp_product_ads&clickEventId=cd107b50-7e69-11ef-9d95-bfb04aa6feba&korePlacement=15&koreSubPlacement=11&clickEventId=cd107b50-7e69-11ef-9d95-bfb04aa6feba&korePlacement=15&koreSubPlacement=11
"파워에이드 제로 무라벨, 355ml, 20개",https://www.coupang.com/vp/products/8267592363?itemId=23376841324&vendorItemId=90406944616&sourceType=srp_product_ads&clickEventId=cd107b50-7e69-11ef-8705-57920856c153&korePlacement=15&koreSubPlacement=12&clickEventId=cd107b50-7e69-11ef-8705-57920856c153&korePlacement=15&koreSubPlacement=12
"펩시 제로 슈거 라임향, 500ml, 40개",https://www.coupang.com/vp/products/6384738608?itemId=21519023017&vendorItemId=86533292769
"환타 제로 파인애플향, 355ml, 24개",https://www.coupang.com/vp/products/7245659081?itemId=20598635911&vendorItemId=88378289089
"웰치스 웰치 제로 그레이프맛, 6개, 600ml",https://www.coupang.com/vp/products/7510953618?itemId=19679929832&vendorItemId=86785326114
"롯데칠성 라임 펩시콜라 제로 500ml 20펫, 20개",https://www.coupang.com/vp/products/8244257833?itemId=23866056085&vendorItemId=90889182742
"갈배 사이다 제로, 30개, 185ml",https://www.coupang.com/vp/products/7604723347?itemId=22946610409&vendorItemId=90131004661
"웰치스 웰치 제로 그레이프맛, 355ml, 24개",https://www.coupang.com/vp/products/6976596210?itemId=22008618082&vendorItemId=81418496189
"밀키스 제로, 300ml, 24개",https://www.coupang.com/vp/products/8150926712?itemId=20992242409&vendorItemId=85281046807
"이온더핏 제로 액티브 음료, 500ml, 24개",https://www.coupang.com/vp/products/7265305013?itemId=18515633780&vendorItemId=85654417612
"파워에이드 제로, 600ml, 40개",https://www.coupang.com/vp/products/7168704316?itemId=19421900220&vendorItemId=90861129097&sourceType=srp_product_ads&clickEventId=cd107b50-7e69-11ef-8f26-22dc9039895f&korePlacement=15&koreSubPlacement=21&clickEventId=cd107b50-7e69-11ef-8f26-22dc9039895f&korePlacement=15&koreSubPlacement=21
"코카콜라 제로, 190ml, 30개",https://www.coupang.com/vp/products/7566747125?itemId=21753389642&vendorItemId=88764934807&sourceType=srp_product_ads&clickEventId=cd107b50-7e69-11ef-8494-fb6dc0b7533f&korePlacement=15&koreSubPlacement=22&clickEventId=cd107b50-7e69-11ef-8494-fb6dc0b7533f&korePlacement=15&koreSubPlacement=22
환타 제로 355ml 오렌지12캔 포도6캔 파인6캔 총 24캔,https://www.coupang.com/vp/products/8287070449?itemId=23897326821&vendorItemId=90919940909
"클룹 제로소다 포도, 30개, 250ml",https://www.coupang.com/vp/products/7821543966?itemId=21979773924&vendorItemId=89027437782&sourceType=srp_product_ads&clickEventId=cd107b50-7e69-11ef-8ecd-7cd3704a906f&korePlacement=15&koreSubPlacement=24&clickEventId=cd107b50-7e69-11ef-8ecd-7cd3704a906f&korePlacement=15&koreSubPlacement=24
"웰치스 제로 체리스트로베리맛, 24개, 355ml",https://www.coupang.com/vp/products/7946407218?itemId=21713375681&vendorItemId=88762747938
"동원 투명 이온 제로, 500ml, 24개",https://www.coupang.com/vp/products/6882386975?itemId=16497205384&vendorItemId=83546700044
"천연사이다 제로, 30개, 250ml",https://www.coupang.com/vp/products/6908251238?itemId=17413326317&vendorItemId=82649680672
"웰치스 웰치 제로 그레이프맛, 600ml, 24개",https://www.coupang.com/vp/products/7837758650?itemId=22410157089&vendorItemId=83215972586
파워에이드 제로 마운틴블라스트 600ml 낱개,https://www.coupang.com/vp/products/8262497305?itemId=24146172338&vendorItemId=91164972080
"탑씨 일화 제로 오렌지 탄산음료, 1.5L, 12개",https://www.coupang.com/vp/products/7101559196?itemId=19124390922&vendorItemId=84893121647
"밀키스 제로 탄산음료, 250ml, 60개",https://www.coupang.com/vp/products/7788955361?itemId=19421893610&vendorItemId=86533352215
"일화 맥콜 제로, 250ml, 30개",https://www.coupang.com/vp/products/7147338943?itemId=19235700363&vendorItemId=85147425637
"파워에이드 제로, 600ml, 20개",https://www.coupang.com/vp/products/7168704316?itemId=19605391756&vendorItemId=90861125615
"칠성사이다 제로 210ml캔30입, 30개, 210ml",https://www.coupang.com/vp/products/8291501232?itemId=23912854623&vendorItemId=90935203001
"던킨도너츠 제로 스파클링 자두, 350ml, 24개",https://www.coupang.com/vp/products/7501348254?itemId=19636731342&vendorItemId=86949310370
"웰치스 제로 샤인머스캣, 600ml, 6개",https://www.coupang.com/vp/products/7683444811?itemId=23098942374&vendorItemId=85790101349
"나랑드사이다 그린애플 제로, 500ml, 24개",https://www.coupang.com/vp/products/6758741233?itemId=23115343904&vendorItemId=90148552284
"웰치스 웰치 제로 그레이프맛, 600ml, 24개",https://www.coupang.com/vp/products/7510953231?itemId=19679928743&vendorItemId=86785325162
"나랑드사이다 페트 파인애플 제로 500ml x24개, 24개",https://www.coupang.com/vp/products/8219899251?itemId=23890316652&vendorItemId=90920224236
"웰치스 웰치 제로 그레이프맛, 355ml, 18개",https://www.coupang.com/vp/products/6976596210?itemId=17905516205&vendorItemId=85068262114
"팔도 비락식혜 제로, 1.5L, 8개",https://www.coupang.com/vp/products/8234987019?itemId=22333687914&vendorItemId=89397728214
"펩시 제로 슈거 라임향, 500ml, 40개",https://www.coupang.com/vp/products/7038409723?itemId=19566007268&vendorItemId=86673869943
"밀키스 제로 탄산음료, 250ml, 30개",https://www.coupang.com/vp/products/7511005803?itemId=19680134296&vendorItemId=86785527395
"롯데 칸타타 아이스스위트아메리카노제로 230mlx20팩 mim*01542HF, 20개, 상세페이지 참조, 230ml, 20개",https://www.coupang.com/vp/products/8290292271?itemId=23908365882&vendorItemId=91162975351
"나랑드사이다 제로, 500ml, 24개",https://www.coupang.com/vp/products/8180059688?itemId=21498094150&vendorItemId=90052113131
"블루존 티즐 제로4종12개입 세트 (우롱티3+유자그린티3+자몽블랙티3+피치얼그레이3), 1세트, 500ml",https://www.coupang.com/vp/products/7994330082?itemId=22231524011&vendorItemId=89277410653&sourceType=srp_product_ads&clickEventId=cd107b50-7e69-11ef-97f7-09c3a6fdb86b&korePlacement=15&clickEventId=cd107b50-7e69-11ef-97f7-09c3a6fdb86b&korePlacement=15
"코카콜라 코크제로 체리 음료, 24개, 355ml",https://www.coupang.com/vp/products/8071252218?itemId=23322461741&vendorItemId=90388882693&sourceType=srp_product_ads&clickEventId=cd107b50-7e69-11ef-8be8-074683b64751&korePlacement=15&clickEventId=cd107b50-7e69-11ef-8be8-074683b64751&korePlacement=15
"코크제로 코카콜라 제로 캔, 355ml, 24개",https://www.coupang.com/vp/products/8174473713?itemId=23610113791&vendorItemId=78212859285&sourceType=srp_product_ads&clickEventId=cd107b50-7e69-11ef-9a80-1d7d4e33dc61&korePlacement=15&clickEventId=cd107b50-7e69-11ef-9a80-1d7d4e33dc61&korePlacement=15
"탐스제로 6종세트(사과키위x4+오렌지x4+파인애플x4+복숭아x4+멜론x4)+웰치제로체리4+메세지카드, 1세트",https://www.coupang.com/vp/products/8263165619?itemId=23806606348&vendorItemId=82735384113&sourceType=srp_product_ads&clickEventId=cd10a260-7e69-11ef-a81e-3145d30619ec&korePlacement=15&clickEventId=cd10a260-7e69-11ef-a81e-3145d30619ec&korePlacement=15
