Name,Spec,Name
스낵스 스낵스 케어베어 슈가프리 자일리톨구미 복숭아맛,"젤리/50g/알레르기성분: 돼지고기, 복숭아/무지방/무당/저염/원산지: 중국/표시기준분량: 50g/열량: 160kcal/탄수화물: 38g/당류: 0g/단백질: 3g/지방: 0g/포화지방: 0g/트랜스지방: 0g/콜레스테롤: 0mg/나트륨: 15mg"
스낵스 스낵스 케어베어 슈가프리 자일리톨구미 요구르트맛,"젤리/50g/알레르기성분: 우유, 돼지고기/무지방/무당/저염/원산지: 중국/표시기준분량: 50g/열량: 160kcal/탄수화물: 38g/당류: 0g/단백질: 3g/지방: 0g/포화지방: 0g/트랜스지방: 0g/콜레스테롤: 0mg/나트륨: 15mg"
스낵스 스낵스 케어베어 슈가프리 자일리톨구미 포도맛,젤리/50g/알레르기성분: 돼지고기/무지방/무당/저염/원산지: 중국/표시기준분량: 50g/열량: 160kcal/탄수화물: 38g/당류: 0g/단백질: 3g/지방: 0g/포화지방: 0g/트랜스지방: 0g/콜레스테롤: 0mg/나트륨: 15mg
스낵스 스낵스 퐁듀볼 화이트,"초콜릿/30g/알레르기성분: 대두, 우유, 돼지고기/저염/원산지: 벨기에/표시기준분량: 30g/열량: 153kcal/탄수화물: 20g/당류: 19g/단백질: 1g/지방: 8g/포화지방: 4.5g/트랜스지방: 0g/콜레스테롤: 0mg/나트륨: 30mg"
피치코리아 동결건조 지구모양 젤리,젤리/8g/알레르기성분: 돼지고기/무지방/표시기준분량: 8g/열량: 30kcal/탄수화물: 7g/당류: 1.6g/단백질: 0.5mg/지방: 0g/포화지방: 0g/트랜스지방: 0g/콜레스테롤: 0mg/나트륨: 23mg
피치코리아 물방울떡 모양 젤리 메론맛,젤리/80g/저지방/저염/표시기준분량: 80g/열량: 115kcal/탄수화물: 7.5%/당류: 22g/단백질: 0g/지방: 1.8g/포화지방: 0g/트랜스지방: 0g/콜레스테롤: 0mg/나트륨: 5mg
피치코리아 물방울떡 모양 젤리 파파야맛,젤리/80g/저지방/저염/표시기준분량: 80g/열량: 115kcal/탄수화물: 25g/당류: 22g/단백질: 0g/지방: 1.8g/포화지방: 0g/트랜스지방: 0g/콜레스테롤: 0mg/나트륨: 0.25%
피치코리아 워터멜론 솜사탕,사탕/8g/무지방/무염/표시기준분량: 8g/열량: 33kcal/탄수화물: 8g/당류: 8g/단백질: 0g/지방: 0g/포화지방: 0g/트랜스지방: 0g/콜레스테롤: 0mg/나트륨: 0mg
CJ 쁘띠첼 과일 요거젤리밀감 복숭아 화이트코코 딸기 쁘띠첼 딸기 요거젤리,젤리
CJ 쁘띠첼 과일젤리 밀감4+복숭아4+포도4+파인애플,과자/초콜릿/디저트/사탕/젤리/젤리
CJ 쁘띠첼 과일젤리 포도,과자/초콜릿/디저트/사탕/젤리/젤리
CJ 쁘띠첼 과일젤리/요거젤리9종 포도/복숭아/밀감,젤리
CJ 쁘띠첼 요거젤리화이트코코딸기블루베리,젤리
CJ 쁘띠첼 요거젤리 4종,젤리
CJ 쁘띠첼 요거젤리 4종 딸기 복숭아 화이트코코 밀감,젤리
CJ 쁘띠첼 워터젤리포도+오렌지+복숭아,젤리
CJ 쁘띠첼 워터젤리복숭아15+포도15,과자/초콜릿/디저트/사탕/젤리/젤리
CJ제일제당 쁘띠첼 과일제리 5가지맛,과자/초콜릿/디저트/사탕/젤리/젤리
CJ제일제당 쁘띠첼 과일젤리 밀감과일젤리밀감개,과자/초콜릿/디저트/사탕/젤리/젤리
CJ제일제당 쁘띠첼 과일젤리 복숭아,과자/초콜릿/디저트/사탕/젤리/젤리
CJ제일제당 쁘띠첼 과일젤리 포도,과자/초콜릿/디저트/사탕/젤리/젤리
CJ제일제당 쁘띠첼 과일젤리밀감,과자/초콜릿/디저트/사탕/젤리/젤리
CJ제일제당 쁘띠첼 요거젤리 복숭아,"젤리/210g/알레르기성분: 우유, 복숭아/저염/냉장보관/표시기준분량: 210g/열량: 215kcal/탄수화물: 34g/당류: 33g/단백질: 0%/지방: 9g/포화지방: 7g/트랜스지방: 0g/콜레스테롤: 0mg/나트륨: 75mg"
CJ제일제당 쁘띠첼 요거젤리화이트코코,과자/초콜릿/디저트/사탕/젤리/젤리
CJ프레시웨이 이츠웰 붕붕 미니붕어빵 /국화빵+7종 택2 골라담기 팥/슈크림/우유크림/고구마/국화빵/수수호떡,과자/초콜릿/디저트/사탕/젤리/젤리
CJ프레시웨이 이츠웰 붕붕 미니붕어빵7종 택2 골라담기 팥/슈크림/우유크림/고구마/국화빵/수수호떡,과자/초콜릿/디저트/사탕/젤리/젤리
CJ프레시웨이 이츠웰 붕붕 미니붕어빵+총7종 택2 골라담기 팥/슈크림/우유크림/고구마/국화빵/수수호떡,과자/초콜릿/디저트/사탕/젤리/젤리
CU 두바이 스타일 초콜릿,"초콜릿/알레르기성분: 대두, 밀, 우유/표시기준분량: 48g/열량: 234kcal/탄수화물: 24g/당류: 14g/단백질: 5%/지방: 14g/포화지방: 8g/트랜스지방: 0g/콜레스테롤: 0mg"
CU 헤이루 고소한 치즈 팝콘,젤리
GFresh 그리심 산양유젤리2봉-개별포장 사탕 캔디 디저트 부모님간식,과자/초콜릿/디저트/사탕/젤리/젤리
GNM자연의품격 GNM 품격있는 석류 콜라겐 스틱1,곤약젤리
GS25 쉐프엠 대만젤리 젤리블리 리치 애플망고 2가지맛,과자/초콜릿/디저트/사탕/젤리/젤리
GS25 쉐프엠 대만젤리 젤리블리 리치 애플망고 샤인머스켓 3가지맛중입1세트,과자/초콜릿/디저트/사탕/젤리/젤리
GS25 중요까먹는 망고젤리 디저트간식,과자/초콜릿/디저트/사탕/젤리/젤리
GS리테일 유어스 미니초코프레첼 디저트간식,과자/초콜릿/디저트/사탕/젤리/젤리
ITO 쿠키즈 오리지날 어쏘트,젤리
KERVANGIDA 베베토 미니 베어젤리 X 코스트코 수입 대용량 곰젤리[20봉],젤리
KGEC 생활한방연구소 바라기 약쑥캔디 파우치 3+1,사탕
"KGEC 생활한방연구소 바라기 캔디 선물세트 도라지,약쑥, 쌍화",사탕
NATRA Jacali 나트라 자칼리 골든씨 씨쉘 초콜릿,과자/초콜릿/디저트/초콜릿/초콜릿
RBK 마더네스트 프로폴리스 마누카꿀 허니캔디 목캔디,사탕
RITTER 미니 너트셀렉션 파우치 7P,/과자/초콜릿/디저트/초콜릿/초콜릿
RITTER 스포트 미니 초콜릿,과자/초콜릿/디저트/초콜릿/초콜릿
RITTER 스포트 홀 헤이즐넛,초콜릿
RITTER 스포트 홀 헤이즐넛 초콜릿,과자/초콜릿/디저트/초콜릿/초콜릿
SHEMSHAD 라바삭 이란 전통 젤리 8종 중골라담기,젤리/58g/원산지: 미국
SHEMSHAD 라바삭 이란 전통 젤리 딸기맛,젤리/58g/원산지: 미국
SHEMSHAD 라바삭 이란 전통 젤리 라임맛,젤리/58g/원산지: 미국
SHEMSHAD 라바삭 이란 전통 젤리 망고맛,젤리/58g/원산지: 미국
SHEMSHAD 라바삭 이란 전통 젤리 매자나무맛,젤리/58g/원산지: 미국
SHEMSHAD 라바삭 이란 전통 젤리 살구맛,젤리/58g/원산지: 미국
SHEMSHAD 라바삭 이란 전통 젤리 석류맛,젤리/58g/원산지: 미국
SHEMSHAD 라바삭 이란 전통 젤리 자두맛,젤리/58g/원산지: 미국
SHEMSHAD 라바삭 이란 전통 젤리 체리맛,젤리/58g/원산지: 미국
SPC삼립 과일맛 젤리뽀,젤리
SPC삼립 뉴 젤리뽀 입,젤리
SPC삼립 비타500 젤리뽀입 x/ 제리뽀,젤리
SPC삼립 비타500 젤리뽀[],젤리
SPC삼립 오븐에구운 버터 휘낭시에입+진한 크림치즈입,과자/초콜릿/디저트/사탕/젤리/젤리
SPC삼립 젤리뽀 40p,젤리
SPC삼립 탕종땅콩미니샌드,젤리
SPC삼립 포켓몬 젤리뽀,젤리
SPC삼립 포켓몬 젤리뽀[],젤리
SPC삼립 허쉬 초코퍼지 휘낭시에입+오븐에 구운 버터입,과자/초콜릿/디저트/사탕/젤리/젤리
SPC삼립 호빵 토종효모 단팥호빵+,과자/초콜릿/디저트/사탕/젤리/젤리
TrungNguyen G7 베트남 커피 퓨어블랙 스페셜팩입 + 3IN1 커피믹스 스페셜팩입,과자/초콜릿/디저트/초콜릿/초코바
loel 곤약젤리 머스캣,젤리
loel 팅글 닥터 구미젤리,젤리/50.4g/알레르기성분: 돼지고기/무지방/무당/저염/표시기준분량: 50.4g/열량: 110kcal/탄수화물: 39g/당류: 0g/단백질: 7%/지방: 0g/포화지방: 0g/트랜스지방: 0g/콜레스테롤: 0mg/나트륨: 10mg
가루쿡 크라시에 해피키친 츠쿠로오벤또도시락 만들기 벤또만들기,과자/초콜릿/디저트/사탕/젤리/젤리
가온푸드 가온애 고추맛콘/ 고추맛고소아 다과 간식 노래방 안주,젤리
가온푸드 가온애 옛날과자 주전부리 스낵 강정 안주 /,초콜릿
가온푸드 가온애 옛날과자 주전부리 스낵 강정 안주 /봉,과자/초콜릿/디저트/초콜릿/초콜릿
가온푸드 가온애 초코볼 3종 세트 / 화이트데이 발렌타인데이 선물세트,초콜릿
갤러 초콜릿 기프트박스 미니바,젤리
건어맨 딸기젤리대용량 간식 캔디 요양원 젤리 안주 까먹는젤리 개별포장되어있습니다,젤리
건어맨 리치젤리대용량 간식 캔디 요양원 젤리 안주 까먹는젤리 개별포장되어있습니다,젤리
건어맨 복숭아젤리대용량 간식 캔디 요양원 젤리 안주 까먹는젤리 개별포장되어있습니다,젤리
건어맨 애플망고 젤리,젤리/1kg
건어맨 오렌지젤리대용량 간식 캔디 요양원 젤리 안주 까먹는젤리 개별포장되어있습니다,젤리
건어맨 오미자맛젤리대용량 간식 캔디 망고 생강,과자/초콜릿/디저트/사탕/젤리/젤리
건영제과 초코비 워터젤리 콜라맛,젤리/140g/무지방/저염/표시기준분량: 140g/열량: 160kcal/탄수화물: 40g/당류: 35g/단백질: 0g/지방: 0g/포화지방: 0g/트랜스지방: 0g/콜레스테롤: 0mg/나트륨: 52mg
건영제과 푸냥이 젤리 포도맛 1box,젤리
경남제약 닥터유 구미 비타젤리 1봉 비타민C 아스코르빈산 맛있는 비타c 키즈 임산부,과자/초콜릿/디저트/사탕/젤리/젤리
경남제약 레모나 비타 플러스레몬맛 레모나 비타플러스 레몬맛 비타민사탕 비타민C,과자/초콜릿/디저트/사탕/젤리/사탕
경남제약 레모나 쮸잉,사탕
경남제약 레모나젤리 레몬맛,젤리
고디바 Godiva 그라운드 커피 카라멜 초콜릿 트러플미디엄 로스트 Truffle,과자/초콜릿/디저트/초콜릿/초콜릿
고디바 골드마크 어쏘티드 초콜릿입 선물 세트,초콜릿
고디바 까레 어쏘트먼트 밀크다크 24조각,과자/초콜릿/디저트/초콜릿/초콜릿
고디바 다크 초콜릿입 소포장 발렌타인데이 선물,과자/초콜릿/디저트/사탕/젤리/카라멜
고디바 다크 초콜릿 마스터피스,과자/초콜릿/디저트/초콜릿/초콜릿
고디바 마스터피스 다크 초코코스트코 고급 초콜릿 발렌타인데이 화이트데이 선물,과자/초콜릿/디저트/초콜릿/초콜릿
고디바 마스터피스 다크 초코_MC,초코바
고디바 솔티 카라멜 초콜릿 케이크,초콜릿
고디바 쇼콜라티에 홀리테이 트러플 기프트 박스입 크리스마스 한정판 초콜렛 벨기에 1위 전통 디저트,초콜릿
고디바 클래식 골드 컬렉션입,초콜릿
고려식품 칼라사각캔디사과,과자/초콜릿/디저트/사탕/젤리/사탕
고려홍삼 고려 홍삼 GTB 홍삼앤복분자 캔디봉지 약,과자/초콜릿/디저트/사탕/젤리/사탕
고려홍삼 캔디입더식품 늘푸른 무,과자/초콜릿/디저트/사탕/젤리/사탕
광동제약 비타500 젤리 1BOX 입 W664CB1,초콜릿
광동제약 비타500 젤리,젤리/945g/35개입/알레르기성분: 돼지고기/표시기준분량: 27g(1개)/열량: 90kcal/탄수화물: 20g/당류: 17g/단백질: 2g/지방: 0g/포화지방: 0g/트랜스지방: 0g/콜레스테롤: 0mg/나트륨: 30mg
국제제과 멜랜드 melland 종합사탕1봉지 사탕 캔디 홍삼 홍삼캔디 디저트캔디 melland 종합사탕1봉지 사탕 캔,젤리
국제제과 멜랜드 고소한 땅콩캬라멜봉/카라멜/말랑카우/담라,과자/초콜릿/디저트/사탕/젤리/카라멜
국제제과 멜랜드 굴리굴리 롤리팝 캔디무 대용량 과자 사탕 간식 엠티 행사 축제 업소용,과자/초콜릿/디저트/사탕/젤리/사탕
국제제과 멜랜드 누룽지맛 디저트 캔디국제제과 melland,사탕
국제제과 멜랜드 뉴과 카라멜-1봉유과,과자/초콜릿/디저트/사탕/젤리/사탕
국제제과 멜랜드 달콤한 호박캬라멜1봉,과자/초콜릿/디저트/사탕/젤리/사탕
국제제과 멜랜드 더블믹스 캔디-1봉,사탕
국제제과 멜랜드 레몬씨 캔디,사탕
국제제과 멜랜드 레몬씨 캔디대용량 과자 사탕 간식 엠티 행사 축제 업소용,과자/초콜릿/디저트/사탕/젤리/사탕
국제제과 멜랜드 롤앤롤 캔디,과자/초콜릿/디저트/사탕/젤리/사탕
국제제과 멜랜드 무설탕 밀크커피캔디커피사탕 논슈거 슈가프리 무가당 커피맛 사탕 무설탕밀크커피캔디,사탕
국제제과 멜랜드 밀크커피 캔디 한박스,사탕
국제제과 멜랜드 부드럽고 달달한 고메 버터 캔디봉,과자/초콜릿/디저트/사탕/젤리/사탕
국제제과 멜랜드 스위트키스 블루대용량 개별포장 과일맛 캔디 사탕 간식 과자,과자/초콜릿/디저트/사탕/젤리/사탕
국제제과 멜랜드 스위트키스 팬시 블루,과자/초콜릿/디저트/사탕/젤리/카라멜
국제제과 멜랜드 신박하1봉,과자/초콜릿/디저트/사탕/젤리/사탕
국제제과 멜랜드 카푸치노맛캔디,사탕
국제제과 멜랜드 카푸치노캔디-1봉 카푸치노맛사탕,사탕
국제제과 멜랜드 홍삼 사탕,사탕
국제제과 신 흑사탕 캔디입블랙 무,사탕
귤루올루 터키 튀르키예 바클라바와 카다이프를 품은 술탄 로쿰 부드러운 젤리와 바삭한 파이의 만남,젤리
그라쉐 마카다미아 쇼콜라 초콜릿,초콜릿
그리심 산양유젤리,과자/초콜릿/디저트/사탕/젤리/젤리
그리심 산양유젤리2봉-개별포장 사탕 캔디 디저트 부모님간식 프로틴 단백질,과자/초콜릿/디저트/사탕/젤리/젤리
그리심 산양유젤리3봉-개별포장 사탕 캔디 디저트 부모님간식 프로틴 단백질,과자/초콜릿/디저트/사탕/젤리/젤리
그리심 샤인머스켓맛 젤리 -개별포장 농축액25%함유 포도젤리,초콜릿
그리심 샤인머스켓맛 젤리-개별포장 농축액25%함유 포도젤리,과자/초콜릿/디저트/사탕/젤리/젤리
글로벌푸드 베트남 탑 탑 프룻 망고 젤리/ 다낭 한시장,젤리
글로벌푸드 스위스 델리스 쁘띠 다크 누아르 초콜릿,과자/초콜릿/디저트/초콜릿/초콜릿
글로벌푸드 일본 팥사탕 아주끼,사탕
글로벌푸드 탑 프룻 주시 구미 망고,젤리
글로벌푸드 포지타노 레몬리셔스 캔디/ 임산부 입덧캔디,사탕
글리코 겨울한정 코코아맛 포키 2봉입,과자/초콜릿/디저트/초콜릿/초코바
글리코 디저트 푸칭푸딩 커스타드 쇼콜라초코 2종세트,젤리
글리코 조그만 푸치푸딩 카스타드맛,젤리
글리코 커스타드맛 푸칭푸딩,젤리
기라델리 다크스퀘어초콜릿,초콜릿
기라델리 인텐스 다크 초콜릿 72% 카카오 트와일라이트 딜라이트,초콜릿
기화병가 홍콩 대만 수입 버터 수제 쿠키 펑리수 골드,젤리
기화병가 홍콩 버터 수제 펭귄쿠키입,과자/초콜릿/디저트/사탕/젤리/젤리
길리안 시쉘 초콜릿벨기에 고급 초콜렛 선물세트 크리스마스 발렌타인데이,과자/초콜릿/디저트/초콜릿/초콜릿
길리안 시쉘 초콜릿벨기에산 고급 선물 초콜렛 헤이즐넛 조개,과자/초콜릿/디저트/초콜릿/초콜릿
길리안 시쉘 초콜릿 벨기에 씨쉘 고급 조개 초콜렛 크리스마스 선물[],초콜릿
길리안 씨쉘/ 초콜릿 / 합격 수능 감사선물 발렌타인데이 화이트데이,과자/초콜릿/디저트/초콜릿/초콜릿
길리안 프리미엄 시쉘디오리지날벨지언초코,초콜릿
꼬모쎔쁘레 러브레터 수제초콜릿 발렌타인데이 화이트데이,과자/초콜릿/디저트/초콜릿/초콜릿
나무인터내셔널 미니돼지모양 츄잉캔디입[],사탕
남일제과 옥수수 쫀디기한박스,과자/초콜릿/디저트/사탕/젤리/카라멜
네슬레 다막 피스타치오 밀크 초콜릿,초콜릿/젤리
네슬레 메가마트 프루팁스 젤리 말랑 트로피컬믹스,젤리
네슬레 킷캣 4핑거,과자/초콜릿/디저트/초콜릿/초콜릿
네슬레 킷캣 골드 파티 에디션 킷캣 골드+ 미니빔 세트 /시즌한정팩 초콜릿 / /1+1증정,과자/초콜릿/디저트/초콜릿/초콜릿
네슬레 킷캣 그린티,과자/초콜릿/디저트/초콜릿/초콜릿
네슬레 킷캣 녹차KITKAT 초콜렛,과자/초콜릿/디저트/초콜릿/초콜릿
네슬레 킷캣 대용량 / 오리지널 초콜릿 미니 초코바 코스트코,초콜릿
네슬레 킷캣 딸기맛 초콜릿입 6봉세트 딸기맛,과자/초콜릿/디저트/초콜릿/초콜릿
네슬레 킷캣 미니 그린티,과자/초콜릿/디저트/초콜릿/초콜릿
네슬레 킷캣 미니 오리지널입 키캣 키켓 크리스피 간식 코스트코 쵸콜렛 개별포장,과자/초콜릿/디저트/초콜릿/초콜릿
네슬레 킷캣 미니 오리지널입,과자/초콜릿/디저트/초콜릿/초콜릿
네슬레 킷캣 미니 오리지널 초코바 초콜릿 x 학교/간식/탕비실/대용량[],초콜릿
네슬레 킷캣 미니입 초콜릿 간식 개별포장,과자/초콜릿/디저트/초콜릿/초코바
네슬레 킷캣 오리지널 4핑거 초콜릿,초콜릿
네슬레 킷캣 청키 쿠키앤크림 초코바,초콜릿
네슬레 킷캣 체크 하트 틴케이스,"초콜릿/알레르기성분: 밀, 우유/원산지: 아랍에미리트/구성: 키캣 청키 쿠키앤크림향"
네슬레 킷캣 초콜릿 미니 쉐어팩 오리지널 입[],초콜릿
네슬레 폴로 박하사탕 오리지날 리테일약입,과자/초콜릿/디저트/사탕/젤리/사탕
네슬레 폴로 오리지널,사탕/900g/저지방/저염/원산지: 중국/표시기준분량: 100g/열량: 405kcal/탄수화물: 98g/당류: 98g/단백질: 0g/지방: 1.5g/포화지방: 0.6g/트랜스지방: 0g/콜레스테롤: 0mg/나트륨: 15mg
네슬레 폴로캔디 오리지널박하사탕 디저트 캔디,사탕
네오큐브 마누카 프로폴리스 벌꿀캔디x/개별포장 꿀사탕,사탕
네이처밸리 츄이 프로틴바 피넛버터 다크초콜릿입 단백질 에너지바 코스트코,과자/초콜릿/디저트/초콜릿/초콜릿
노벨 마이 밀크 캔디 모듬 세트 기본 홋카이도 메론 홋카이도 아즈키 팥,사탕
노벨 슈퍼 레몬 캔디 / 슈퍼 콜라캔디 2종,사탕
노벨 슈퍼 콜라캔디,사탕
노벨 제과 VC-3000 목캔디 머스캣 맛 90그램 x6 머스캣[6봉],사탕
농심 닭다리 핫숯불 바비큐반박스 +닭다리스낵 닭다리,과자/초콜릿/디저트/사탕/젤리/젤리
농심 닭다리 핫숯불바베큐20각,과자/초콜릿/디저트/사탕/젤리
농심 린트 린도르 린도볼 3종 세트 밀크/다크/어쏘티드,과자/초콜릿/디저트/초콜릿/초콜릿
농심 린트 린도볼 밀크,초콜릿
농심 린트 린도볼 어쏘티드,과자/초콜릿/디저트/초콜릿/초콜릿
농심 린트 엑설런스 다크 99프로,과자/초콜릿/디저트/초콜릿/초콜릿
농심 린트 엑셀런스 다크 셀렉션,과자/초콜릿/디저트/초콜릿/초콜릿
농심 린트 초콜릿 엑셀런스 다크 90프로+ 스위스 클래식 밀크,과자/초콜릿/디저트/초콜릿/초콜릿
농심 멘토스 2 in 1 그레이프소다,사탕
농심 멘토스 2 in 1 피치소다,사탕
"농심 멘토스 미니 프루티,",과자/초콜릿/디저트/사탕/젤리/사탕세트
"농심 멘토스 어쏘티드,",과자/초콜릿/디저트/사탕/젤리/사탕세트
농심 멘토스 포도,과자/초콜릿/디저트/사탕/젤리/젤리
농심 멘토스 후르트민트 피치향,사탕
농심 미니 멘토스 뉴레인보우 입 대용량 사탕,
농심 미니 멘토스 레인보우입,과자/초콜릿/디저트/사탕/젤리/사탕
농심 주 주 츄파춥스 저금통 틴입,사탕
농심 주 츄파춥스 부케,초콜릿
농심 주 후르트텔라 병,과자/초콜릿/디저트/사탕/젤리/사탕
농심 츄파춥스 미니메가 미니언즈 에디션,"사탕/110g/알레르기성분: 대두, 밀, 우유, 복숭아/무지방/저염/원산지: 베트남/구성: 딸리크림향, 초코바닐라향/표시기준분량: 11g/열량: 45kcal/탄수화물: 11g/당류: 9g/단백질: 0g/지방: 0g/포화지방: 0g/트랜스지방: 0g/콜레스테롤: 0mg/나트륨: 0%"
"농심 츄파춥스 미니언즈 슬리퍼참 기획팩,",과자/초콜릿/디저트/사탕/젤리/사탕
"농심 츄파춥스 브랜드 슬리퍼참 기획팩,",과자/초콜릿/디저트/사탕/젤리/사탕
농심 츄파춥스 사워바이츠입 츄파춥스 사워바이츠입,사탕
농심 츄파춥스 오션믹스 젤리,젤리/60g/알레르기성분: 쇠고기/열량: 195kcal/탄수화물: 46g/당류: 34g/단백질: 4%/나트륨: 60mg
"농심 츄파춥스 펀치볼 기획팩,",과자/초콜릿/디저트/초콜릿/초콜릿
농심 츄파춥스 피즈캔디입,초콜릿
농심 켈슨 데니쉬 버터쿠키틴케이스 프리미엄 쿠키,젤리
농심 코스트코 미니 맨토스 푸르티약과일맛 대용량 캔디,카라멜
농심 화이트데이 미니언즈 슬리퍼참 기획팩/츄파춥스/후르트텔라,초콜릿
농심 후르트텔라 후르트믹스,과자/초콜릿/디저트/사탕/젤리/사탕
뉴트리365망고맛 소프트젤리,젤리
뉴트리디데이 칸씨슬 파워 젤리스틱,초콜릿
닉코 미니 초코크리스피/ 오트밀초코,과자/초콜릿/디저트/초콜릿/초콜릿
닉코 미니 초코크리스피/대용량/벌크,과자/초콜릿/디저트/초콜릿/초콜릿
닛신 타코야키 믹스 가루,과자/초콜릿/디저트/사탕/젤리/젤리
닛포 밀크 카라멜,"카라멜/273g/알레르기성분: 대두, 밀, 우유/원산지: 일본/표시기준분량: 100g/열량: 423kcal/탄수화물: 77g/당류: 58g/단백질: 4g/지방: 11g/포화지방: 0g/트랜스지방: 0g/콜레스테롤: 0mg/나트륨: 120mg"
달새앙 생강젤리/봉동생강 달콤한천젤리 쫀득한식감의 간식,과자/초콜릿/디저트/사탕/젤리/젤리
대두식품 통팥앙금57M,초콜릿
대상 청정원 안주야 꾸이열풍 아몬드청양맛,과자/초콜릿/디저트/사탕/젤리/젤리
대신물산 순식물성 샐러드용 곤약,곤약젤리
대영식품 스위토리 고소한 아몬드 초코볼 10봉 밀크 초콜렛 사무실 간식,초콜릿
대영식품 스위토리 자이리톨캔디입 1통 치아모양캔디,과자/초콜릿/디저트/사탕/젤리/사탕
대영식품 스위토리 크리스마스 스탬프 캔디도장 사탕 선물,과자/초콜릿/디저트/사탕/젤리/사탕
대영식품 스위토리 해바라기씨 초코볼학교간식 해씨초코볼 코스트코,초콜릿
대영식품 주사위 캔디입,과자/초콜릿/디저트/사탕/젤리/젤리
댄케이크 초콜릿칩쿠키 싱글서브,초콜릿
더조은 한끼 곤약젤리 리치,젤리
더조은 한끼곤약젤리 망고,과자/초콜릿/디저트/사탕/젤리/젤리
더존건강 한끼 곤약젤리 버라이어티 팩15종 2p 세트,초콜릿
던킨도너츠 보스톤 크림 파이,초콜릿
던킨도너츠 보스톤 크림 파이 x12,초콜릿
던킨도너츠 프로틴바입 + 커피에너지바입 간식 스낵,과자/초콜릿/디저트/초콜릿/초코바
델리팜 참스 볼 캔디 사랑방,사탕
델리팜 투시팝 미니어쳐입,과자/초콜릿/디저트/사탕/젤리/젤리
델타코리아 닥터유 에너지바2세트,과자/초콜릿/디저트/초콜릿/초코바
델타코리아 닥터유 에너지바 투바이트 18p,초콜릿
동림푸드 해태 연양갱X뵈르에코 들깨버터바,젤리
동림푸드 해태 연양갱X뵈르에코 카라멜버터바,젤리
동서식품 포스트 그래놀라 현미대용량_MC,과자/초콜릿/디저트/초콜릿/초코바
동서식품 포스트 단백질바단백질 프로틴 바 과자 보충제,젤리
동서식품 포스트 오레오 오즈컵 x 쿠앤쿠 씨리얼,초코바
동서식품 포스트 컵 시리얼3종씩 총입,과자/초콜릿/디저트/사탕/젤리/젤리
동서식품 포스트 콘푸라이트 _MC,초코바
동아 바이오유과 1box,과자/초콜릿/디저트/사탕/젤리/카라멜
동아제과 계피맛캔디,사탕
동아제과 골드 카푸치노캔디[1봉],사탕
동아제과 누룽지향 사탕,과자/초콜릿/디저트/사탕/젤리/사탕
동아제과 디저트 종합캔디,과자/초콜릿/디저트/사탕/젤리/사탕
동아제과 디저트 종합캔디[2봉],사탕
동아제과 박하향 캔디,사탕
동아제과 종합제리,과자/초콜릿/디저트/사탕/젤리/사탕
동아제과 죽염사탕,과자/초콜릿/디저트/사탕/젤리/사탕
동아제과 콩사탕4봉,과자/초콜릿/디저트/사탕/젤리/젤리
동아제약 박카스 대용량 간식용 젤리 비타민/타우린 캔디 20봉,젤리
동아제약 박카스 맛 젤리 타우린 함유,젤리
동아제약 박카스 젤리 셀닥터,젤리
동아제약 박카스맛 젤리 사우어,과자/초콜릿/디저트/사탕/젤리/젤리
동아제약 박카스젤리5볼,사탕
동원F&B Dole 화이트코코 젤리,과자/초콜릿/디저트/사탕/젤리/젤리
두바이 스타일 초콜릿,초콜릿
두바이 카다이프 피스타치오 초코,초콜릿
두바이스타일 초콜릿입,초콜릿
두보식품 오트밀캐나다산,과자/초콜릿/디저트/사탕/젤리/젤리
두손애약초 애플망고젤리,과자/초콜릿/디저트/사탕/젤리/젤리
드림산업 카카오골라담기,초콜릿
디유 수제초콜릿 러블리투유 24구 선물세트,초콜릿
뚜또 코코애플망고 푸딩,과자/초콜릿/디저트/사탕/젤리/젤리
뚜또 파인애플,젤리/230g
라라스윗 저당 단팥바,초코바/저당/알룰로스/표시기준분량: 70ml/열량: 60kcal/탄수화물: 21g/당류: 1g/단백질: 1.6g/지방: 1.4g/포화지방: 0.9g/트랜스지방: 0g/콜레스테롤: 5mg/나트륨: 10mg
라이온제과 자일리톨 하트 캔디 디저트사탕,과자/초콜릿/디저트/사탕/젤리/젤리
라이킹 커피 캔디[],사탕
라칸토 무설탕 사탕 제로칼로리 딸기우유맛,과자/초콜릿/디저트/사탕/젤리/사탕
레이즈 씨위드감자칩 김맛 봉지스낵,젤리
레이즈 트러플 감자칩,과자/초콜릿/디저트/사탕/젤리
레이즈 트러플감자칩 봉지스낵,젤리
레인보우 딸기향 롤업 롤팝 젤리입,18개입/원산지: 중국/표시기준분량: 15g/열량: 50kcal
레인보우 롤팝 싸먹는 젤리 후르츠믹스입,과자/초콜릿/디저트/사탕/젤리/젤리
레인보우 롤팝젤리후르츠믹스향 x,과자/초콜릿/디저트/사탕/젤리/젤리
레인보우 롤팝젤리 딸기향1통 아이스크림 싸먹는 젤리,과자/초콜릿/디저트/사탕/젤리/젤리
레인보우 벨트 젤리/ 학생 대용량 간식,과자/초콜릿/디저트/사탕/젤리/젤리
레인보우 별사탕별단지 선물 캠핑 여행 학교 소풍 초등학교 학원 교회 유치원,사탕
로아커 가데나 미니,과자/초콜릿/디저트/초콜릿/초콜릿
로아커 가데나 미니 믹스 초콜릿초코 헤이즐넛 피넛버터 초코바,과자/초콜릿/디저트/초콜릿/초콜릿
로아커 가데나 미니 피넛버터맛3가지맛,초콜릿
로아커 가데나 코코넛 밀크 초콜릿 미니 웨하스대용량,과자/초콜릿/디저트/초콜릿/초콜릿
로아커 웨하스 미니 믹스입 33682548,과자/초콜릿/디저트/사탕/젤리/젤리
로아커 초코비스킷 아몬드,과자/초콜릿/디저트/초콜릿/초콜릿
로아커 초코비스킷 헤이즐넛,과자/초콜릿/디저트/초콜릿/초콜릿
로아커 투시팝 미니어쳐,과자/초콜릿/디저트/사탕/젤리/사탕
로얄 밀크티 캔디,사탕
로얄 프로폴리스 목캔디 페퍼민트맛+레몬맛 골고루,과자/초콜릿/디저트/사탕/젤리/사탕
로얄 프로폴리스 캔디 약국사탕,과자/초콜릿/디저트/사탕/젤리/사탕
로이스 ROYCE 어드벤트 캘린더 2023 크리스마스 달력 초콜릿,과자/초콜릿/디저트/초콜릿/초콜릿
로지오가닉 목소리도 맑음+ 안경도둑 똘망+ 방구소리 방긋,젤리
로투스 안나비스킷 카푸치노,젤리
롯데 23Y 뉴진스 초코 빼빼로 8갑,과자/초콜릿/디저트/초콜릿/초콜릿
롯데 6000 ABC초콜릿 x대용량 사무실 간식,과자/초콜릿/디저트/초콜릿/초콜릿
롯데 ABC 초코 x 반박스,초콜릿
롯데 ABC미니초콜릿 달콤한 사무실간식용,과자/초콜릿/디저트/초콜릿/초콜릿
롯데 ABC초코쿠키,과자/초콜릿/디저트/초콜릿/초콜릿
롯데 KIRI 끼리X빈츠 끼리 크림치즈4곽,과자/초콜릿/디저트/사탕/젤리/젤리
롯데 가나 마카다미아 초콜릿 1볼,초콜릿
롯데 가나아몬드초코바사무실 회사 학교 학원 간식,과자/초콜릿/디저트/초콜릿/초코바
롯데 가나초코바사무실 회사 학교 학원 초코바,과자/초콜릿/디저트/초콜릿/초코바
롯데 가나초코바땅콩 초코 간식,초콜릿
롯데 과자마켓 1200 가나초콜릿,과자/초콜릿/디저트/초콜릿/초콜릿
롯데 과자마켓 1200 스피아민트 껌 120015,과자/초콜릿/디저트/사탕/젤리/껌/엿
롯데 과자마켓 2500 애니타임,과자/초콜릿/디저트/사탕/젤리/사탕
롯데 과자마켓 3000 자일리톨 통 오리지널,과자/초콜릿/디저트/사탕/젤리/껌/엿
롯데 과자마켓 3500 목캔디통 허브민트,과자/초콜릿/디저트/사탕/젤리/사탕
롯데 과자마켓 3500 목캔디통 허브민트입,사탕
롯데 과자마켓 6000 자일리톨리필,과자/초콜릿/디저트/사탕/젤리/껌/엿
롯데 과자마켓 6000 자일리톨통껌,과자/초콜릿/디저트/사탕/젤리/껌/엿
롯데 과자마켓 왓따풍선껌 망고,과자/초콜릿/디저트/사탕/젤리/껌/엿
롯데 과자마켓 왓따풍선껌 망고x9볼,과자/초콜릿/디저트/사탕/젤리/껌/엿
롯데 과자마켓 자일리톨F 120015,과자/초콜릿/디저트/사탕/젤리/껌/엿
롯데 드림 카카오 82%초콜릿 간식 수능,과자/초콜릿/디저트/초콜릿/초콜릿
롯데 롤리팝 아이스입 죠스바 사탕 스크류바 사탕 수박바 사탕 주물러 사탕 롤리팝 사탕 아이스크림,과자/초콜릿/디저트/사탕/젤리/사탕
롯데 롤리팝 아이스 사탕,사탕
롯데 롤리팝아이스막대사탕,과자/초콜릿/디저트/사탕/젤리/사탕
롯데 롯샌 파인애플 기획[],초콜릿
롯데 목캔디허브 믹스베리 각,사탕
롯데 목캔디 대용량 사탕 허브민트 모과 캔디개별포장,사탕
롯데 미니 가나마일드 _MC,초코바
롯데 박스 스카치세가지 캔디 사탕[],사탕
롯데 비타C박스 용기 _1,사탕
롯데 비타C박스 캔디/간식/후식/판촉물/사탕/판촉용품,카라멜
롯데 샤샤 초콜렛 초코,과자/초콜릿/디저트/초콜릿/초콜릿
롯데 샤샤 초콜릿일본초콜릿,과자/초콜릿/디저트/초콜릿/초콜릿
롯데 스카치캔디 대용량,사탕
롯데 스카치캔디 세가지맛4,선물세트
롯데 아몬드초코볼/ 초콜릿 과자 간식,과자/초콜릿/디저트/초콜릿/초코바
롯데 아몬드초코볼,과자/초콜릿/디저트/초콜릿/초콜릿
롯데 애니타임_MC,선물세트
롯데 애니타임 _MC,선물세트
롯데 애니타임 민트 캔디,사탕
롯데 애니타임 민트맛당류제로 무설탕 자일리톨,사탕
롯데 애니타임 민트맛 상쾌한 무설탕 자일리톨 캔디 사무실,사탕
롯데 애니타임 밀크민트 사무실 대용량 벌크,과자/초콜릿/디저트/사탕/젤리/사탕
롯데 어쏘트 올인원팩 초코바 견과류바 가나 크런키 초콜릿 간식 당충전,초코바
롯데 왓따 콜라 빅 풍선껌1통,과자/초콜릿/디저트/사탕/젤리/껌/엿
롯데 울트라 초 에너지바초코바 단백질바,초콜릿
롯데 웰푸드 가나 초코바 땅콩 달달한 초코 간식 HP,초콜릿
"롯데 웰푸드 가나 초코바 아몬드 ,초코 간식",초콜릿
롯데 웰푸드 가나 초코바 아몬드달달한 초코 간식 HP,과자/초콜릿/디저트/초콜릿/초콜릿
롯데 웰푸드 구미구미 미니 세가지맛13봉입 복숭아 오렌지 포도 젤리,젤리
롯데 웰푸드 크런키 다크쿠키바초코바 간식,과자/초콜릿/디저트/초콜릿/초콜릿
롯데 웰푸드 크런키 다크쿠키바 초코바 간식 HP,초콜릿
"롯데 웰푸드 크런키 더블크런치바 쿠키앤크림 ,초코바 간식 MK",초콜릿
"롯데 웰푸드 크런키 더블크런치바 쿠키앤크림,초코바 간식 HP",과자/초콜릿/디저트/초콜릿/초콜릿
롯데 자일리톨 껌 오리지날 트윈리필 X32626227,사탕
롯데 자일리톨 리필기획 오리지날_1,젤리
롯데 자일리톨 알파 리필대용량 껌 간식 수능 금연 졸음 방지,과자/초콜릿/디저트/사탕/젤리/껌/엿
롯데 자일리톨 알파 리필탕비실 대용량 졸음방지 껌 간식 수능,껌
롯데 자일리톨 알파 리필 대용량 껌 간식 수능 금연 졸음 방지,껌
롯데 자일리톨 알파 리필 실속형 껌 치아건강 졸음방지 입가심[],껌
롯데 자일리톨 알파 오리지날 리필,"껌,엿"
롯데 자일리톨 알파 오리지널 껌 리필[3봉],젤리
롯데 자일리톨 알파 트윈리필껌 무설탕껌 운전간식 디저트,과자/초콜릿/디저트/사탕/젤리/껌/엿
롯데 자일리톨 알파 피치 리필추잉 껌 복숭아 충지예방 수능,과자/초콜릿/디저트/사탕/젤리/껌/엿
롯데 자일리톨 오리지날 리필사무실 껌 대용량 보너스,과자/초콜릿/디저트/사탕/젤리/껌/엿
롯데 자일리톨 오리지날 리필껌 핀란드 사무실 대용량 치아건강,과자/초콜릿/디저트/사탕/젤리/껌/엿
롯데 자일리톨 오리지날 리필 사무실 껌 대용량 보너스,껌
롯데 자일리톨 오리지널 리필대용량 껌 간식 수능 금연 졸음 방지,과자/초콜릿/디저트/사탕/젤리/껌/엿
롯데 자일리톨 오리지널 용기+리필대용량 껌 수능 졸음 방지,과자/초콜릿/디저트/사탕/젤리/껌/엿
롯데 자일리톨 츄잉껌 W 학교 학원 간식 탕비실,젤리
롯데 자일리톨F 츄잉껌 입 볼,껌
롯데 자일리톨알파리필,껌/엿
롯데 제로 마일드 초콜릿,과자/초콜릿/디저트/초콜릿/초콜릿
롯데 제로 자일리톨 캔디선물세트,초콜릿
롯데 젤리셔스 러버러버 골드키위 하트 구미 시럽 젤리 간식,젤리
롯데 젤리셔스 러버러버 백도,젤리
롯데 젤리셔스 러버러버 백도하트 구미 백도 시럽 젤리 간식,과자/초콜릿/디저트/사탕/젤리/젤리
롯데 젤리셔스 수박바 젤리1통,과자/초콜릿/디저트/사탕/젤리/젤리
롯데 젤리셔스 죠스바 젤리,사탕
롯데 젤리셔스 짱셔요레몬콜라,젤리
롯데 졸음번쩍 용기 껌,사탕
롯데 쥬시후레쉬,껌/엿
롯데 쥬시후레쉬+스피아민트x각총,"껌,엿"
롯데 쫀쪼니입 콜라포도딸기사과레몬 니,사탕
롯데 청포도 캔디 / 대용량 사탕,사탕
롯데 초코바 올인원팩,초코바
롯데 칙촉총48봉 32611799,사탕
롯데 크런키 더블 크런치바 미니봉지,과자/초콜릿/디저트/초콜릿/초콜릿
롯데 크런키 초콜릿한박스,과자/초콜릿/디저트/초콜릿/초콜릿
롯데 크런키 초콜릿입 식품 스낵/간식 초콜릿/사탕/젤리/껌 초콜릿/초코바 밀크초콜릿,초콜릿
롯데 크런키볼[48통],초콜릿
롯데 토이플레이 블링블링 보석캔디,사탕
롯데 푹신푹신 말랑카우 밀크,사탕
롯데 푹신푹신 말랑카우 밀크 X 1BOX,사탕
롯데 프리미엄 가나 마카다미아초콜릿 발렌타인데이 화이트데이 선물,과자/초콜릿/디저트/초콜릿/초콜릿
롯데 프리미엄 가나 마카다미아 초콜릿 발렌타인데이 화이트데이 선물,초콜릿
롯데 허쉬 너겟 밀크,초콜릿
롯데 허쉬 너겟 쿠앤크,과자/초콜릿/디저트/초콜릿/초콜릿
롯데 허쉬 레귤러바 아몬드 아이 과자 초콜릿 쿠키 초코 학교 학원 회사 간식1세트,과자/초콜릿/디저트/초콜릿/초콜릿
롯데 확 깨는 졸음 번쩍 껌,껌
롯데 확 깨는 졸음번쩍껌12봉 박스포장,과자/초콜릿/디저트/사탕/젤리/껌/엿
롯데 후라보노껌 오리지날-6통,껌
롯데 후레쉬 민트 껌,과자/초콜릿/디저트/사탕/젤리/껌/엿
롯데 후레쉬민트,"껌,엿"
롯데 후레쉬민트 껌,과자/초콜릿/디저트/사탕/젤리/껌/엿
롯데웰푸드 ABC 초콜릿 환경그림대회,초콜릿
롯데웰푸드 BTS X 크런키 더블크런치바 미니,"초코바/알레르기성분: 대두, 땅콩, 밀, 계란, 우유/
[영양정보] 표시기준분량: 100g/열량: 530kcal/탄수화물: 54g/당류: 36g/단백질: 9g/지방: 31g/포화지방: 11g/트랜스지방: 0.6g/콜레스테롤: 10mg/나트륨: 130mg"
롯데웰푸드 가나 밀크 초콜릿,과자/초콜릿/디저트/초콜릿/초콜릿
롯데웰푸드 간식자판기 소확행 과자세트7종,초콜릿
롯데웰푸드 구미구미 미니벌크,과자/초콜릿/디저트/사탕/젤리/젤리
롯데웰푸드 남해유자 빼빼로,"132g/알레르기성분: 대두, 땅콩, 밀, 우유/저염/표시기준분량: 132g/열량: 170kcal/탄수화물: 7%/당류: 12%/단백질: 2.4g/지방: 8g/포화지방: 4.6g/트랜스지방: 0g/콜레스테롤: 0mg/나트륨: 115mg"
롯데웰푸드 드림카카오 82프로 간식 초콜렛,초콜릿
롯데웰푸드 드림카카오56%,과자/초콜릿/디저트/초콜릿/초콜릿
롯데웰푸드 드림카카오86%X+크런키볼X,과자/초콜릿/디저트/초콜릿/초콜릿
롯데웰푸드 러버러버 골드키위,젤리/알레르기성분: 돼지고기/무지방/저염/표시기준분량: 73g/열량: 225kcal/탄수화물: 53g/당류: 39g/단백질: 4g/지방: 0g/포화지방: 0%/트랜스지방: 0g/콜레스테롤: 0mg/나트륨: 30mg
롯데웰푸드 러버러버 골드키위 미니벌크,젤리/204g/12개입/알레르기성분: 돼지고기/무지방/저염/표시기준분량: 17g/열량: 55kcal/탄수화물: 13g/당류: 9g/단백질: 1g/지방: 0g/포화지방: 0g/트랜스지방: 0g/콜레스테롤: 0mg/나트륨: 7mg
롯데웰푸드 러버러버 백도,"젤리/73g/알레르기성분: 돼지고기, 복숭아/무지방/저염/표시기준분량: 73g/열량: 225kcal/탄수화물: 52g/당류: 37g/단백질: 4.5g/지방: 0g/포화지방: 0g/트랜스지방: 0g/콜레스테롤: 0mg/나트륨: 30mg"
롯데웰푸드 러버러버 백도 미니벌크,젤리/204g/무지방/저염/표시기준분량: 17g/열량: 50kcal/탄수화물: 12g/당류: 9g/단백질: 1g/지방: 0g/포화지방: 0g/트랜스지방: 0g/콜레스테롤: 0mg/나트륨: 7mg
롯데웰푸드 롯데 ABC초코쿠키 32통롯데 ABC초코쿠키 32통,과자/초콜릿/디저트/초콜릿/초콜릿
롯데웰푸드 롯데 자일리톨 리필기획 오리지날_1,젤리
롯데웰푸드 롯데 자일리톨알파오리지날리필,"껌,엿"
롯데웰푸드 롯데 허쉬 밀크 초콜릿미니사이즈10 무,초코바
롯데웰푸드 롯데웰푸드 이지프로틴 식물성단백질바 미니프로틴바,과자/초콜릿/디저트/초콜릿/초코바
롯데웰푸드 말랑카우 대용량밀크맛+딸기우유맛총,사탕
롯데웰푸드 말랑카우 딸기우유 캔디,사탕
롯데웰푸드 말랑카우 밀크3봉 대용량,과자/초콜릿/디저트/초콜릿/초콜릿
롯데웰푸드 말랑카우 부여알밤 158,"젤리/알레르기성분: 대두, 우유, 돼지고기/표시기준분량: 100g/열량: 430kcal/탄수화물: 74g/당류: 56g/단백질: 4g/지방: 13g/포화지방: 10g/트랜스지방: 0g/콜레스테롤: 16mg/나트륨: 360mg"
롯데웰푸드 목캔디 허브,과자/초콜릿/디저트/사탕/젤리/사탕
롯데웰푸드 목캔디 허브민트,사탕
롯데웰푸드 믹스베리 목캔디/ 대용량-너만아는잡화점,과자/초콜릿/디저트/사탕/젤리/젤리
롯데웰푸드 스카치 캔디 세가지맛,사탕
롯데웰푸드 애니타임 밀크 민트 캔디자일리톨사탕,과자/초콜릿/디저트/사탕/젤리/사탕
롯데웰푸드 엄마손 파이,
롯데웰푸드 에이비씨 초콜릿,과자/초콜릿/디저트/초콜릿/초콜릿
롯데웰푸드 왓따 도라에몽,껌/알레르기성분: 대두
롯데웰푸드 이지프로틴 식물성단백질바_MC,초코바
롯데웰푸드 이지프로틴 식물성단백질바/ 프로틴바,초코바
롯데웰푸드 자일리톨 알파 오리지널 용기,"껌,엿"
롯데웰푸드 자일리톨 오리지날 껌,과자/초콜릿/디저트/사탕/젤리/껌/엿
롯데웰푸드 자일리톨 오리지날 츄잉껌,껌
롯데웰푸드 자일리톨 판,"껌,엿"
롯데웰푸드 자일리톨알파 60용기 오리지날,과자/초콜릿/디저트/사탕/젤리/껌/엿
롯데웰푸드 제로 마일드 초콜릿,"제로슈거/인증정보: HACCP/알레르기성분: 대두, 밀, 우유/실온보관/열량: 255kcal/탄수화물: 25g/단백질: 3.5g/지방: 19g/포화지방: 13g/콜레스테롤: 1%/나트륨: 15mg"
롯데웰푸드 제로 시트러스 유자 젤리,젤리/인증정보: HACCP/알레르기성분: 돼지고기/무지방/무당/저염/표시기준분량: 40g/열량: 85kcal/탄수화물: 29g/당류: 0%/단백질: 4%/지방: 0g/포화지방: 0g/트랜스지방: 0g/콜레스테롤: 0mg/나트륨: 20mg
롯데웰푸드 제로 자일리톨 캔디 레몬민트,사탕
롯데웰푸드 젤리셔스 핵짱셔요 후르츠,젤리/51g
롯데웰푸드 졸음번쩍 에너지 껌,껌
롯데웰푸드 졸음번쩍껌,과자/초콜릿/디저트/사탕/젤리/젤리
롯데웰푸드 쬰쬬니 청포도,과자/초콜릿/디저트/사탕/젤리/젤리
롯데웰푸드 청포도,사탕/893g/무지방/저염/표시기준분량: 893g/열량: 3480kcal/탄수화물: 868g/당류: 693g/단백질: 1g 미만/지방: 0.5g/포화지방: 0g/트랜스지방: 0g/콜레스테롤: 0mg/나트륨: 120mg
롯데웰푸드 청포도 캔디 간식용 사탕개별포장,과자/초콜릿/디저트/사탕/젤리/사탕
롯데웰푸드 초코바입 올인원팩,과자/초콜릿/디저트/초콜릿/초콜릿
롯데웰푸드 춘식이 드림카카오 기획팩,초콜릿/4개입/알레르기성분: 대두/저염/표시기준분량: 86g/열량: 500kcal/탄수화물: 39g/당류: 24g/단백질: 9g/지방: 34g/포화지방: 22g/트랜스지방: 0.5g 미만/콜레스테롤: 0mg/나트륨: 10mg
롯데웰푸드 춘식이X드림카카오 기획팩+춘식이 DIY 스티커팩 증정,과자/초콜릿/디저트/초콜릿/초코바
롯데웰푸드 칸타타 블루마운틴/분쇄 원두커피/C,젤리
롯데웰푸드 크런키 더블 크런치바 미니 부여알밤,"초코바/알레르기성분: 대두, 밀, 메밀, 계란, 우유/표시기준분량: 100g/열량: 495kcal/탄수화물: 68g/당류: 42g/단백질: 4g/지방: 23g/포화지방: 14g/트랜스지방: 1g/콜레스테롤: 10mg/나트륨: 130mg"
롯데웰푸드 크런키 더블크런치바 미니 베놈,"초코바/알레르기성분: 대두, 땅콩, 밀, 계란, 우유/표시기준분량: 100g/열량: 530kcal/탄수화물: 54g/당류: 36g/단백질: 9g/지방: 31g/포화지방: 11g/트랜스지방: 0.6g/콜레스테롤: 10mg/나트륨: 130mg"
롯데웰푸드 크런키 초코바 미니대용량 개별 포장 간식 사무실 탕비실 학교 학원,과자/초콜릿/디저트/초콜릿/초콜릿
롯데웰푸드 프리미엄 가나 다크밀크 블랜드,
롯데웰푸드 프리미엄 가나 다크밀크 블랜드판초콜릿 초콜릿,과자/초콜릿/디저트/초콜릿/초콜릿
롯데웰푸드 프리미엄 가나 다크밀크 블렌드,"초콜릿/78g/알레르기성분: 대두, 우유/저염/표시기준분량: 78g/열량: 430kcal/탄수화물: 39g/당류: 30g/단백질: 8g/지방: 27g/포화지방: 17g/트랜스지방: 0g/콜레스테롤: 5mg 미만/나트륨: 35mg"
롯데웰푸드 프리미엄 가나 다크밀크 블렌드+ 마카다미아+ 블렌드미니,초콜릿
롯데웰푸드 프리미엄 가나 다크밀크 블렌드 미니,"초콜릿/150g/알레르기성분: 대두, 우유/저염/표시기준분량: 100g/열량: 560kcal/탄수화물: 51g/당류: 40g/단백질: 10g/지방: 35g/포화지방: 147%/트랜스지방: 0g/콜레스테롤: 5mg 미만/나트륨: 2%"
롯데웰푸드 프리미엄 가나 마카다미아,"초코볼/63g/알레르기성분: 대두, 우유/저염/표시기준분량: 63g/열량: 385kcal/탄수화물: 26g/당류: 24g/단백질: 5g/지방: 29g/포화지방: 15g/트랜스지방: 0g/콜레스테롤: 10mg/나트륨: 45mg"
롯데웰푸드 프리미엄 가나 생 쇼콜라 밀크 앤 오트,"초콜릿/140g/알레르기성분: 대두, 우유/저염/표시기준분량: 140g/열량: 650kcal/탄수화물: 63g/당류: 58g/단백질: 10g/지방: 40g/포화지방: 27g/트랜스지방: 0.5g/콜레스테롤: 35mg/나트륨: 110mg"
롯데웰푸드 프리미엄 가나 생 쇼콜라 헤이즐넛,"초콜릿/알레르기성분: 대두, 우유/저염/표시기준분량: 140g/열량: 675kcal/탄수화물: 57g/당류: 50g/단백질: 11g/지방: 45g/포화지방: 21g/트랜스지방: 0.5g/콜레스테롤: 15mg/나트륨: 65mg"
롯데웰푸드 하트 구미젤리 러버러버 미니벌크 골드키위봉+ 백도봉,젤리
롯데웰푸드 핵짱셔요 미니 벌크,"젤리/195g/알레르기성분: 돼지고기/
[영양정보] 표시기준분량: 15g(1봉지)/열량: 50kcal/탄수화물: 11g/당류: 9g/단백질: 1g 미만/지방: 0g/포화지방: 0g/트랜스지방: 0g/콜레스테롤: 0mg/나트륨: 0mg"
롯데웰푸드 핵짱셔요 미니벌크,과자/초콜릿/디저트/사탕/젤리/젤리
롯데웰푸드 허쉬 너겟 쿠키앤크림,초콜릿
롯데웰푸드 허쉬 레귤러바 아몬드,과자/초콜릿/디저트/초콜릿/초콜릿
롯데웰푸드 허쉬 밀크 초콜릿,과자/초콜릿/디저트/초콜릿/초콜릿
롯데웰푸드 허쉬 크리미 밀크 초콜릿,초콜릿
롯데웰푸드 허쉬키세스 아몬드,초콜릿
롯데칠성음료 롯데 ABC 초콜릿 X33786257,사탕
롯데칠성음료 롯데 졸음번쩍껌 울트라파워,과자/초콜릿/디저트/사탕/젤리/껌/엿
롯데칠성음료 크니쁘니 헬시키즈 멀티비타민,과자/초콜릿/디저트/사탕/젤리/젤리
리얼 리치젤리,과자/초콜릿/디저트/사탕/젤리/젤리
리치 생강젤리대용량 생강27% 함유,젤리
리치 애플망고 젤리,과자/초콜릿/디저트/사탕/젤리/젤리
리치 오트밀 미니바이트,초코바
리치 젤리개별포장 사탕 캔디 디저트 부모님 학생 아이 간식 젤리,과자/초콜릿/디저트/사탕/젤리/젤리
리치 젤리+,젤리
리코스 라운드 나쵸칩대용량 과자 나초 콘칩 라운드 나쵸칩대용량 과자 나초 콘칩,젤리
리콜라 레몬민트 스위트 허브 캔디,사탕
리콜라 레몬민트 허브캔디 코스트코 무설탕 캔디,사탕
리콜라 무설탕 글라시어 민트 상큼한 스위스 허브 캔디,사탕
리콜라 슈가프리 크랜베리,과자/초콜릿/디저트/사탕/젤리/사탕
리콜라 스위스 오리지널 허브 캔디,사탕
리콜라 스위스 허브 무설탕 캔디 크랜베리 슈가프리 제로사탕 제로캔디,사탕
리콜라 스위스 허브 캔디 오리지날허브,과자/초콜릿/디저트/사탕/젤리/사탕
리콜라 스위스 허브맛캔디/목캔디,과자/초콜릿/디저트/사탕/젤리/사탕
리콜라 캔디 레몬민트 무설탕 허브 대용량 사탕,과자/초콜릿/디저트/사탕/젤리/사탕
리콜라 허브캔디 레몬민트맛 3 허브맛 3,사탕
리터 스포트 Ritter sport 어드벤트 캘린더,과자/초콜릿/디저트/초콜릿/초콜릿
리터 스포트 딸기 요거트 초콜릿,과자/초콜릿/디저트/초콜릿/초콜릿
리터 스포트 콘플레이크 초콜릿입,과자/초콜릿/디저트/초콜릿/초콜릿
린트 2023 초콜릿 어드벤트 캘린더,과자/초콜릿/디저트/초콜릿/초콜릿
린트 LINDOR 볼 초코렛린도르 초콜렛 코스트코,과자/초콜릿/디저트/초콜릿/초콜릿
린트 린도 볼 어쏘티드,과자/초콜릿/디저트/초콜릿/초콜릿
린트 린도르 엑셀런스 90% 다크초콜릿,초콜릿
린트 린도볼 밀크 초콜릿,과자/초콜릿/디저트/초콜릿/초콜릿
린트 린도볼 하트틴,과자/초콜릿/디저트/초콜릿/초콜릿
린트 스위스 클래식 다크,초콜릿
린트 스위스 프리미엄 초콜릿알프스 우유 헤이즐럿 견과류 운동 친구 나눔 독일,과자/초콜릿/디저트/초콜릿/초콜릿
린트 스위스 프리미엄 초콜릿 나폴리탄 Napolitains,초콜릿
린트 엑설런스 다크 90% 초콜릿,초콜릿
린트 엑설런스 다크 90프로,과자/초콜릿/디저트/초콜릿/초콜릿
린트 엑설런스 다크 99프로,과자/초콜릿/디저트/초콜릿/초콜릿
린트 엑설런스 다크 초콜릿바,초콜릿
린트 초콜릿 스위스 클래식 다크,초콜릿
린트 크리스마스 테디 프렌즈,과자/초콜릿/디저트/초콜릿/초콜릿
링티 포커스카페인 젤리,"젤리/39.6g/알레르기성분: 대두, 돼지고기/무지방/저염/표시기준분량: 39.6g/열량: 125kcal/탄수화물: 28g/당류: 20g/단백질: 3g/지방: 0g/포화지방: 0g/트랜스지방: 0g/콜레스테롤: 0mg/나트륨: 20mg"
마루가와 껌 4가지맛입버블껌,과자/초콜릿/디저트/사탕/젤리/껌/엿
마요라 칼파 웨이퍼 코코넛 초콜릿 과자/킷캣/웨하스/에너지바/크런키/크리스피/빈츠/카스타드,과자/초콜릿/디저트/사탕/젤리/젤리
마요라 코피코 대용량 커피 캔디무설탕 사탕,과자/초콜릿/디저트/사탕/젤리/사탕
마요라 코피코 무설탕 커피 사탕 KOPIKO 슈가프리무설탕 캔디+코피코 캔디 랜덤 커피맛 슈가프리,과자/초콜릿/디저트/사탕/젤리/사탕
마요라 코피코 블리스터팩 / 구매수량기준 5+1 추가제공,사탕
마요라 코피코 사탕 카푸치노 캔디,사탕
마요라 코피코 사탕 커피맛 캔디,사탕
마요라 코피코 슈가프리 블리스터 커피맛 캔디,과자/초콜릿/디저트/사탕/젤리/사탕
마요라 코피코 슈가프리 커피캔디,사탕세트
마요라 코피코 카푸치노 사탕+ 커피맛사탕,사탕
마요라 코피코 카푸치노 캔디 사탕,과자/초콜릿/디저트/사탕/젤리/사탕
마요라 코피코 카푸치노 캔디 사탕/담라/청포도/애니타임/스카치/통아몬드/썬키스트/코피코,과자/초콜릿/디저트/사탕/젤리/사탕
마요라 코피코 카푸치노캔디N2,사탕
마요라 코피코 캔디2종 커피맛+ 카푸치노맛,사탕
마요라 코피코 캔디 블리스터팩커피 잠깨는 사탕 디저트 탕비실,사탕
마요라 코피코 캔디 카푸치노맛+증정 이벤트,과자/초콜릿/디저트/사탕/젤리/사탕
마요라 코피코 캔디 커피맛+증정 이벤트,과자/초콜릿/디저트/사탕/젤리/사탕
마요라 코피코 커피 사탕대용량 등산 회의실,젤리
마요라 코피코 커피 사탕 카푸치노 캔디회의실 탕비실 간식 대용량,사탕
마요라 코피코 커피 캔디 대용량,사탕
마요라 코피코 커피 캔디 사탕 /애니타임/비틀즈/스키틀즈/코피코/썬키스트/스카치/통아몬드,사탕
마요라 코피코 커피 캔디 사탕 /하리보/마이쮸/썬키스트/말랑카우/박하/바이오/청포도/자일리톨,사탕
마요라 코피코 커피 캔디 사탕,과자/초콜릿/디저트/사탕/젤리/사탕
마요라 코피코 커피 캔디 사탕/담라/츄파춥스/새콤달콤/마이쮸/애니타임/막대사탕/알사탕,과자/초콜릿/디저트/사탕/젤리/사탕
마요라 코피코 커피맛 캔디수입사탕,과자/초콜릿/디저트/사탕/젤리/사탕
마요라 코피코 커피맛 캔디,사탕
마요라 코피코사탕 블리스터 카푸치노 커피캔디,사탕
마요라 코피코사탕 슈가프리 블리스터 무설탕커피캔디,과자/초콜릿/디저트/사탕/젤리/사탕
마이노멀 무설탕 제로젤리 제로베어 1BOX입,과자/초콜릿/디저트/사탕/젤리/젤리
마이노멀 알룰로스 다크 아몬드 초코볼 5p,초콜릿
마이노멀 제로젤리 사워베어 입 1BOX,초콜릿
마이노멀 젤리 무설탕 식이섬유 제로 젤리입제로젤리 제로베어,과자/초콜릿/디저트/사탕/젤리/젤리
마즈몰티져스 밀크 초코볼몰티져스 다크 초코볼,초콜릿
마즈몰티져스 밀크 초코볼 몰티저스 초코렛 탕비실 간식,초콜릿
마즈몰티져스 밀크 초콜릿몰티저스 초코볼 초콜렛,과자/초콜릿/디저트/초콜릿/초콜릿
마즈몰티져스 초코볼 몰티저스 초콜렛 단체 간식 개별포장,초콜릿
마즈몰티져스 카라멜골드,초콜릿
마즈몰티져스 펀사이즈 믹스팩,과자/초콜릿/디저트/초콜릿/초콜릿
마즈미니 초콜릿 버라이어티 팩MINIS CHOCOLATE FAVORITES VARIETY PACK,과자/초콜릿/디저트/초콜릿/초콜릿
마즈스니커즈 땅콩 초콜릿,초콜릿
마즈스니커즈 미국수입 / 달달한 땅콩 초콜릿 / 미니 초코바,과자/초콜릿/디저트/초콜릿/초콜릿
마즈스니커즈 미니1봉,과자/초콜릿/디저트/초콜릿/초콜릿
마즈스니커즈 미니 초콜릿 대용량 초코바최신제조,과자/초콜릿/디저트/초콜릿/초콜릿
마즈스니커즈 미니스,초콜릿
마즈스니커즈 미니스 개별포장 에너지바 초콜렛,초콜릿
마즈스니커즈 미니어쳐 간식용 미니 초코바개별포장,과자/초콜릿/디저트/초콜릿/초콜릿
마즈스니커즈 펀 사이즈 초콜릿,초콜릿
마즈스니커즈 펀사이즈 초콜릿코스트코 대용량 초코바,과자/초콜릿/디저트/초콜릿/초콜릿
마즈스니커즈 펀사이즈 초콜릿,/과자/초콜릿/디저트/초콜릿/초콜릿
마즈스니커즈 펀사이즈 초콜릿바 대용량코스트코,초콜릿
마즈스니커즈 픽앤믹스,초콜릿
마즈스니커즈 한국마즈 미니 밸류팩 다과 대용량,초콜릿
마즈스키틀즈 사워 또는 오리지널수입젤리/수입사탕/수입간식,과자/초콜릿/디저트/사탕/젤리/사탕
마즈스키틀즈 오리지날 펀사이즈,사탕
마즈엠앤엠즈밀크 피라미드 초콜릿 초코 볼 쵸콜렛 대용량,초콜릿
마즈엠앤엠즈 대용량 미니초콜릿 밀크입,과자/초콜릿/디저트/초콜릿/초콜릿
마즈엠앤엠즈 대용량 용기피넛+밀크총,과자/초콜릿/디저트/초콜릿/초콜릿
"마즈엠앤엠즈 땅콩 픽앤믹스,입,",초콜릿
마즈엠앤엠즈 마즈 피라미드 밀크 대용량 수입 간식용 초콜릿 40봉,과자/초콜릿/디저트/초콜릿/초콜릿
마즈엠앤엠즈 미니 수트케이스+ 밀크6P,과자/초콜릿/디저트/초콜릿/초콜릿
마즈엠앤엠즈 믹스드 기프팅 버켓/스니커즈/트윅스,초콜릿
마즈엠앤엠즈 밀크 초콜렛 대용량,초콜릿
마즈엠앤엠즈 밀크 초콜릿,과자/초콜릿/디저트/초콜릿/초콜릿
마즈엠앤엠즈 밀크 펀사이즈,과자/초콜릿/디저트/초콜릿/초콜릿
"마즈엠앤엠즈 밀크 픽앤믹스입,",초콜릿
마즈엠앤엠즈 블록 싱글 3종 멀티팩,초콜릿
마즈엠앤엠즈 초콜릿 바 아몬드 등산 간식 초코바,과자/초콜릿/디저트/초콜릿/초콜릿
마즈엠앤엠즈 초콜릿바 크리스피 1볼,초콜릿
마즈엠앤엠즈 초콜릿바MMs 초코,과자/초콜릿/디저트/초콜릿/초콜릿
마즈엠앤엠즈 튜브 토퍼 랜덤 간식,초콜릿
마즈엠앤엠즈 트윅스 탑 스니커즈입,초콜릿
마즈엠앤엠즈 펀사이즈 믹스,초콜릿
마즈엠앤엠즈 펀사이즈 믹스 초콜릿,과자/초콜릿/디저트/초콜릿/초콜릿
마즈엠앤엠즈 피넛,초콜릿
마즈엠앤엠즈 피넛 초콜릿8통 1box,과자/초콜릿/디저트/초콜릿/초코바
마즈엠앤엠즈 피넛 초콜릿통,과자/초콜릿/디저트/초콜릿/초콜릿
마즈엠앤엠즈 피넛 펀사이즈 할로윈,과자/초콜릿/디저트/초콜릿/초코바
마즈엠앤엠즈 피넛버터 초콜릿 55oz55oz,과자/초콜릿/디저트/초콜릿/초콜릿
마즈이클립스 쿨링 소프트 캔디 레몬민트향,사탕/저염/표시기준분량: 15g/열량: 60kcal/탄수화물: 14g/당류: 13g/단백질: 0g/지방: 0.6g/포화지방: 0.4g/트랜스지방: 0g/콜레스테롤: 0mg/나트륨: 2mg
마즈이클립스 쿨링 소프트 캔디 리치향,사탕
마즈이클립스 쿨링 소프트 캔디 청포도향,사탕/저염/표시기준분량: 45g/열량: 185kcal/탄수화물: 41g/당류: 40g/단백질: 0g/지방: 2.0g/포화지방: 8%/트랜스지방: 0g/콜레스테롤: 0mg/나트륨: 7mg
마즈이클립스 쿨링 소프트캔디 레몬민트향,사탕/저염/표시기준분량: 45g/열량: 180kcal/탄수화물: 41g/당류: 40%/단백질: 0g/지방: 1.9g/포화지방: 1.1g/트랜스지방: 0g/콜레스테롤: 0mg/나트륨: 7mg
마즈이클립스 쿨링 소프트캔디 청포도향,사탕/저염/표시기준분량: 15g/열량: 65kcal/탄수화물: 4%/당류: 13g/단백질: 0g/지방: 0.7g/포화지방: 0.4g/트랜스지방: 0g/콜레스테롤: 0mg/나트륨: 2mg
마즈이클립스 페퍼민트[],젤리
마즈이클립스 페퍼민트향,사탕/34g/무지방/무당/무염/원산지: 중국/표시기준분량: 34g/열량: 80kcal/탄수화물: 33g/당류: 0g/단백질: 0g/지방: 0g/포화지방: 0g/트랜스지방: 0g/콜레스테롤: 0mg/나트륨: 0mg
마즈이클립스 플러스 배 비파향,사탕/저지방/무당/무염/표시기준분량: 30g/열량: 75kcal/탄수화물: 29g/당류: 0g/단백질: 0g/지방: 0.3g/포화지방: 2%/트랜스지방: 0g/콜레스테롤: 0mg/나트륨: 0mg
마즈이클립스 피치향,"사탕/무당/무염/표시기준분량: 34g/열량: 80kcal/탄수화물: 33g/당류: 0g/단백질: 0g/지방: 0,5g/포화지방: 0.5g/트랜스지방: 0g/콜레스테롤: 0mg/나트륨: 0mg"
마즈트윅스 미니 초콜릿 대용량 초코바최신제조,과자/초콜릿/디저트/초콜릿/초콜릿
마즈트윅스 미니스,"초콜릿/초코바/1.4kg/파우치형/알레르기성분: 대두, 밀, 우유/실온보관/설탕,영양강화밀가루,콘시럽,탈지유,코코아버터,코코아매스/표시기준분량: 30g/열량: 145kcal/탄수화물: 20g/당류: 15g/단백질: 1g/지방: 7g/포화지방: 4g/트랜스지방: 0g/콜레스테롤: 5mg/나트륨: 55mg"
마즈트윅스 미니즈한국마즈,과자/초콜릿/디저트/초콜릿/초코바
마즈트윅스 싱글 초콜릿,과자/초콜릿/디저트/초콜릿/초콜릿
마즈트윅스 싱글바 초코바입 x1통,과자/초콜릿/디저트/초콜릿/초콜릿
마즈트윅스 오리지널 초코바,초콜릿
마즈트윅스 초콜릿 미니스,초콜릿
마즈트윅스 탑 스니커즈[],
마즈트윅스 탑 싱글+총,과자/초콜릿/디저트/사탕/젤리/젤리
만난라이프 일본 곤약젤리 복숭아 사과 포도 귤 4가지 맛 12봉지 한박스,젤리
맛고을식품 NEW 젤리,과자/초콜릿/디저트/사탕/젤리/젤리
맛고을식품 New 땅콩 알사탕/땅콩사탕/사탕/땅콩알사탕/땅콩알캔디/땅콩캔디/캔디/디저트캔디/땅콩맛캔디,사탕
맛고을식품 New 죽염 사탕,과자/초콜릿/디저트/사탕/젤리/사탕
맛고을식품 New죽염사탕 x지_MC,선물세트
맛고을식품 계피맛사탕,사탕
맛고을식품 계피맛사탕 H/대용량,과자/초콜릿/디저트/사탕/젤리/사탕
맛고을식품 고려홍삼캔디 x지 대용량[1봉],사탕
맛고을식품 뉴 유가캔디,카라멜
맛고을식품 땅콩알사탕,사탕
맛고을식품 마산 땅콩캬라멜봉지,과자/초콜릿/디저트/사탕/젤리/카라멜
맛고을식품 맛고을 New땅콩알사탕/사탕/디저트캔디/봉지사탕/화이트데이/간식,젤리
맛고을식품 맛고을사탕 대용량 블루베리캔디 과일맛사탕,젤리
맛고을식품 박하맛캔디 box,과자/초콜릿/디저트/사탕/젤리/사탕
맛고을식품 옛날사탕,과자/초콜릿/디저트/사탕/젤리/사탕
맛고을식품 인삼시대업소용 대용량 옛날과자 안주 간식 코드/UCD _MC,과자/초콜릿/디저트/사탕/젤리/사탕세트
맛고을식품 인삼캔디/후식사탕/디저트사탕/맛있는사탕/후식캔디/디저트캔디/맛있는캔디/인삼캔디/업소사탕,사탕
맛고을식품 자일리톨캔디,사탕
맛고을식품 종합캔디/사탕/대용량/봉지/업소용/캔디/사탕류/종류/식당용/식당/어르신/업소,사탕
맛고을식품 주머니 뉴 종합제리 옛날 제리,사탕
맛군 리얼망고 듬뿍 쫀득쫀득 망고젤리입,젤리
망고 67% 생과일 젤리 마하차녹 젤리1봉 개별포장 6종 선택 /리치 코코넛 두리안 한입사이즈,과자/초콜릿/디저트/사탕/젤리/젤리
망고베트남 체리쉬 젤리 푸딩 Cherish,과자/초콜릿/디저트/사탕/젤리/젤리
망고 까먹는 젤리,과자/초콜릿/디저트/사탕/젤리/젤리
망고 애플 젤리/,과자/초콜릿/디저트/사탕/젤리/젤리
망고 퓨레 마하차녹 생 젤리,젤리
매일식품 디저트종합캔디 과일맛단품,과자/초콜릿/디저트/사탕/젤리/사탕
매일식품 콜라맛 캔디 업소용2 맛고을식품,카라멜
매일유업 누텔라 악마의잼3통간식/초콜렛/초콜릿/킨더조이,초콜릿
매일유업 누텔라앤고,초콜릿
매일유업 매일 킨더 맥시 T1간식/초콜렛/초콜릿/킨더조이/페레로로쉐,과자/초콜릿/디저트/초콜릿/초콜릿
매일유업 킨더 부에노 화이트 초콜릿바 T2,초콜릿
매일유업 페레로 누텔라[2통],초콜릿
매일유업 페레로로쉐 벨 16T,과자/초콜릿/디저트/초콜릿/초콜릿
매일헬스뉴트리션 셀렉스 프로틴 너츠바,과자/초콜릿/디저트/초콜릿/초콜릿
맥비티 다이제스티브묶음,과자/초콜릿/디저트/사탕/젤리/젤리
머거본 견과류 알땅콩입,과자/초콜릿/디저트/초콜릿/초코바
머거본 단짠 고소 김스칼몬드10봉,초콜릿
머거본 단짠 고소 김스칼몬드3봉,초콜릿
머거본 허니로스티드땅콩핫스파이시땅콩,과자/초콜릿/디저트/초콜릿/초콜릿
메디쿼터스 닥터리브 곤약젤리세트 스위트머스캣10+스위트피치10+애플망고10+블루베리10,젤리
메이지 다케노코 마을일본 초코과자,과자/초콜릿/디저트/초콜릿/초콜릿
메이지 리치 마차 초콜릿 샌드 6 10 일본 간식 기프트 크리스마스 파티 디져트,과자/초콜릿/디저트/초콜릿/초콜릿
메이지 마카다미아 초콜릿코스트코,과자/초콜릿/디저트/초콜릿/초콜릿
메이지 마카다미아 초콜릿 대용,과자/초콜릿/디저트/초콜릿/초콜릿
메이지 요글렛,사탕
메이지 첼시 스카치 모듬 지[5봉],사탕
메이지 피스타치오 초콜릿,초콜릿
메이크마인 10인 파베초콜릿만들기세트 N 나누미,과자/초콜릿/디저트/초콜릿/초콜릿
메이크마인 A_이니셜 큐티파스텔 초콜릿만들기 세트 선물,초콜릿
메종드아모린 솔티드 버터카라멜 브르타뉴 카라멜 원형,과자/초콜릿/디저트/사탕/젤리/젤리
메종드아모린 솔티드카라멜 레트로 틴케이스,과자/초콜릿/디저트/사탕/젤리/사탕
멜라루카 카운터액트 허니레몬,사탕
멜라루카 허니레몬캔디 카운터액트 천연목캔디,과자/초콜릿/디저트/사탕/젤리/사탕
모리나가 다스 밀크 초코릿,초콜릿
모리나가 다스 초콜릿밀크/화이트/비터/카니발,과자/초콜릿/디저트/초콜릿/초콜릿
모리나가 밀크 카라멜 120년 전통 카라멜,과자/초콜릿/디저트/사탕/젤리/카라멜
모리나가 밀크 카라멜+ 아즈키 카라멜총,과자/초콜릿/디저트/사탕/젤리/사탕
모리나가 밀크 카라멜 일본간식 츄잉,카라멜
모리나가 소금 카라멜,사탕
모리나가 소금카라멜,사탕
모리나가 제과 하이츄 프리미엄 백도맛,과자/초콜릿/디저트/사탕/젤리/젤리
모리나가 하이츄사우어레몬+사우어자몽+사우어파인애플+딸기+포도씩 1세트,과자/초콜릿/디저트/사탕/젤리/사탕
모리나가 하이츄 버라이어티,사탕
모리나가 하이츄 버라이어티 리뉴얼,사탕
모리나가 하이츄 복숭아맛한박스,과자/초콜릿/디저트/사탕/젤리/카라멜
모리나가 하이츄 사우어 파인애플맛,카라멜/57g/무염/원산지: 일본/표시기준분량: 57g/열량: 238kcal/탄수화물: 47g/당류: 39g/단백질: 1g/지방: 5.1g/포화지방: 18%/트랜스지방: 0.3g/콜레스테롤: 0mg/나트륨: 2.8mg
모리나가 하이츄 스윗앤사우어,초콜릿
모어댄초콜릿 당신의 고민을 해결하는 달콤한 1 000가지의 해답 해답초콜릿,과자/초콜릿/디저트/초콜릿/초콜릿
몬델리즈 리츠 크래커 스노우입,과자/초콜릿/디저트/사탕/젤리/젤리
몬델리즈 밀카어쏘티드입,"초콜릿/400g/알레르기성분: 대두, 우유/원산지: 독일/구성: 밀카 버블리 x 1"
몬델리즈 밀카 그레인,과자/초콜릿/디저트/초콜릿/초콜릿
몬델리즈 재팬 RITZ 리츠 비츠샌드 치즈입,과자/초콜릿/디저트/사탕/젤리/젤리
몬델리즈 토블론 다트 화이트 미니 초콜릿 125피스대용량 스위스 쇼핑리스트,과자/초콜릿/디저트/초콜릿/초콜릿
몬델리즈 토블론 스위스 삼각 초콜릿,초콜릿
몬델리즈 호올스 HALLS 무설탕 허니레몬/시트러스 캔디 대용량,사탕
몬델리즈 호올스 HALLS 스틱 오렌지,과자/초콜릿/디저트/사탕/젤리/사탕
몬델리즈 호올스 Halls 홀스 대용량 캔디 체리맛입,과자/초콜릿/디저트/사탕/젤리/젤리
몬델리즈 호올스 XS 캔디 입 한세트 3가지 맛 중,사탕
몬델리즈 호올스 대용량 멘토립터스 캔디 박하 사탕,과자/초콜릿/디저트/사탕/젤리/사탕
몬델리즈 호올스 멘토립터스_MC,과자/초콜릿/디저트/사탕/젤리/사탕세트
몬델리즈 호올스 멘토립터스,과자/초콜릿/디저트/사탕/젤리/사탕
몬델리즈 호올스 멘토립터스 멘톨향,과자/초콜릿/디저트/사탕/젤리/사탕
몬델리즈 호올스 멘토립터스 캔디입 멘톨향 졸음방지 목캔디 금연사탕 잠깨는 사탕,사탕
몬델리즈 호올스 멘토립터스 캔디 입 대용량 사탕[],사탕
몬델리즈 호올스 몬델레즈 라임,사탕
몬델리즈 호올스 몬델레즈 멘토립터스,사탕
몬델리즈 호올스 몬델레즈 스틱x각총자몽+블루베리+아이스블루+허니레몬+라임+멘토립터스,과자/초콜릿/디저트/사탕/젤리/사탕
몬델리즈 호올스 몬델레즈 아이스블루,선물세트
몬델리즈 호올스 벌크 멘토립터스,젤리
몬델리즈 호올스 사탕 캔디 7종 2세트 아이스블루+멘톨+블루베리+레몬+라임+자몽+오렌지,과자/초콜릿/디저트/사탕/젤리/사탕
몬델리즈 호올스 쉐어백 멘토립터스,사탕
몬델리즈 호올스 스틱 7종세트 멘토립터스 과일캔디 스틱 7종세트 멘토립터스 과일캔디,사탕
몬델리즈 호올스 스틱 멘토립터스,과자/초콜릿/디저트/사탕/젤리/사탕
몬델리즈 호올스 스틱 멘토립터스 맨톨향 캔디,젤리
몬델리즈 호올스 스틱 자몽향 캔디,사탕세트
몬델리즈 호올스 아이스블루,과자/초콜릿/디저트/사탕/젤리/사탕
몬델리즈 호올스 아이스블루 x 목캔디 졸음방지 금연사탕 잠깨는 사탕,사탕
몬델리즈 호올스 자몽_MC,과자/초콜릿/디저트/사탕/젤리/사탕세트
몬델리즈 호올스 자몽,과자/초콜릿/디저트/사탕/젤리/사탕
몬델리즈 호올스 캔디입,과자/초콜릿/디저트/사탕/젤리/사탕
몽스 아이스버그 캔디몽크 민트 미니 사탕,젤리
몽스 아이스버그 프리미엄 허브 목캔디,사탕
몽스 이태리 아이스버그 목캔디멘톨 허브 사탕,사탕
몽스 이태리 프리미엄 캔디,사탕
무인양품 밀크 초코 딸기,과자/초콜릿/디저트/초콜릿/초콜릿
무인양품 솜사탕,사탕
미니멈 뽀로로 스트로우타입 젤리입 4가지 과일맛,과자/초콜릿/디저트/사탕/젤리/젤리
미니멈 뽀로로 요술반지사탕1Box,사탕
미니멈 뽀로로 요술반지캔디입 / 사탕/입,과자/초콜릿/디저트/사탕/젤리/사탕
미니멈 뽀로로 워터젤리 오렌지입,과자/초콜릿/디저트/사탕/젤리/젤리
미담제과 땅콩카라멜,카라멜/500g/표시기준분량: 30g/열량: 134kcal/탄수화물: 29g/당류: 13g/단백질: 2g/지방: 1g/포화지방: 1g/트랜스지방: 0g/콜레스테롤: 0mg/나트륨: 350mg
미담제과 마산 땅콩캬라멜옛날땅콩카라멜 대용량,사탕
미미스상회 못난이인절미 대,과자/초콜릿/디저트/사탕/젤리/젤리
미성식품 사과 젤리향긋한 애플 젤리 간식,젤리
미성패밀리 땅콩캬라멜,카라멜
미카쿠토 코로로 복숭아젤리,젤리
민트+레몬총,과자/초콜릿/디저트/사탕/젤리/사탕
민트바 복주머니 합격기원 호박엿초코렛1세트,과자/초콜릿/디저트/초콜릿/초콜릿
밀양한천 곤약젤리믹스/곤약젤리/곤약젤리만들기/탱글한식감,젤리
밀카 100 알프스 우유 초콜릿 milka 5종교차가능 스트로베리+버블리,과자/초콜릿/디저트/초콜릿/초콜릿
밀카 맥스 딸기 치즈케이크 라지바입 대용량 박스 milka,과자/초콜릿/디저트/초콜릿/초콜릿
밀카 밀크 초콜릿 타블렛 버블리,초콜릿
밀카 버블리 초콜릿,과자/초콜릿/디저트/초콜릿/초콜릿
밀카 스트로베리 초콜릿,과자/초콜릿/디저트/초콜릿/초콜릿
밀카 알프스 밀크 초콜릿 5p,과자/초콜릿/디저트/초콜릿/초콜릿
밀카 타블렛 초콜릿맛선택,과자/초콜릿/디저트/초콜릿/초콜릿
바론포장 크리스마스 어드벤트 캘린더 초콜릿 화이트 루돌프,과자/초콜릿/디저트/초콜릿/초콜릿
반다이 짱구는 못말려 프렌즈 껌,과자/초콜릿/디저트/사탕/젤리/사탕
반다이 캬라파키 산리오 캐릭터즈 5종 초콜릿세트 랜덤 구성 산리오/공룡 초콜릿 14 2중,초콜릿
발레리제 밀크 수제 명품 파베 생초콜릿 고급선물 발렌타인데이 화이트데이 수능 답례품초콜렛,초콜릿
발로나 모먼트 크런치 아몬드 헤이즐넛 초콜릿,초콜릿
발로나 이보아르 35% 화이트 초콜릿,초콜릿
발로나 인스피 유자 초콜릿프랑스산 마카롱,과자/초콜릿/디저트/초콜릿/초콜릿
밤뜨래 우리나라 밤양갱이,젤리
배스킨라빈스 베리베리 스트로베리 초코볼입,과자/초콜릿/디저트/초콜릿/초콜릿
베로 마니타 아즐캔디,사탕
베리웰 복분자제리5봉 +복분자캔디5봉/고창복분자판매,사탕
베리즈 캔디,사탕/180g/원산지: 인도네시아/표시기준분량: 180g/열량: 640kcal/탄수화물: 160g/당류: 120g
베이킹파티 선인 다크 초코칩초콜릿 아이스박스 구매하지않음,과자/초콜릿/디저트/초콜릿/초콜릿
베이킹파티 선인 다크 초코칩 초콜릿,초콜릿
베이킹파티 선인 카길 누아 72% 다크론도아이스박스 구매하지않음,과자/초콜릿/디저트/초콜릿/초콜릿
베이킹파티 칼리바우트 다크커버춰 초콜릿54.5% 811 아이스박스 구매하지않음,커버추어/과자/초콜릿/디저트/초콜릿/초콜릿
베이킹파티 칼리바우트 다크커버춰 초콜릿70.5% 70-30-38 아이스박스 구매하지않음,커버추어/과자/초콜릿/디저트/초콜릿/초콜릿
베이킹파티 칼리바우트 밀크커버춰 초콜릿33.6% 823 아이스박스 구매하지않음,커버추어/과자/초콜릿/디저트/초콜릿/초콜릿
벨지안 DEAVAS 데바스 카라멜 초콜릿블루 / 벨기에,과자/초콜릿/디저트/초콜릿/초콜릿
벨지안 트러플 어쏘트 입,사탕
벨지안 하트민트 캔디,사탕
벨치즈 끼리 끼리X빈츠 끼리 크림치즈4곽,과자/초콜릿/디저트/사탕/젤리/사탕
보르그레베 링비스킷,과자/초콜릿/디저트/사탕/젤리/젤리
부국 빙수제리,젤리
부르본 알포드 초콜릿일본 알포트 초콜렛 과자 코스트코,과자/초콜릿/디저트/초콜릿/초코바
부르봉 블랑튀르10봉입,과자/초콜릿/디저트/사탕/젤리/젤리
부르봉 알포트 초콜렛 오리지널x 6봉,과자/초콜릿/디저트/초콜릿/초콜릿
부르봉 알포트 초콜릿 4종입 일본 아루포토 밀크초콜릿 발렌타인,과자/초콜릿/디저트/초콜릿/초콜릿
부르봉 알포트 초콜릿코스트코_MC,초코바
부샤드 나폴리탄 밀크 초콜릿,초콜릿
부샤드 다크 초콜릿약+ 씨솔트 초콜릿약세트 총 2봉 다스칼리데스 코스트코 1세트,과자/초콜릿/디저트/초콜릿/초콜릿
부샤드 벨기에 고급 초콜릿 씨솔트+ 다크,과자/초콜릿/디저트/초콜릿/초콜릿
부샤드 씨솔트 초콜릿벨기에 밀크초콜릿 코스트코,과자/초콜릿/디저트/초콜릿/초콜릿
붐스토리 발렌타인데이 가나슈 수제초콜릿 15구 사랑가득 15구 초콜릿,과자/초콜릿/디저트/초콜릿/초콜릿
붐스토리 큐브럽 막대과자 만들기 세트 초콜릿 DIY 1세트,과자/초콜릿/디저트/초콜릿/초콜릿
브레드가든 초코칩쿠키믹스 홈베이킹 쿠키만들기,과자/초콜릿/디저트/사탕/젤리/젤리
비달 곰 젤리입,과자/초콜릿/디저트/초콜릿/초콜릿
비달 다이노 젤리위니비니 공룡 젤리,과자/초콜릿/디저트/사탕/젤리/젤리
비달 비달 소프트 후르츠 젤리,젤리/1kg/무지방/원산지: 스페인/구성: 사과/표시기준분량: 100g/열량: 324kcal/탄수화물: 81g/당류: 67g/단백질: 0g/지방: 0g/포화지방: 0g/트랜스지방: 0g/콜레스테롤: 0mg/나트륨: 140mg
비달 사우어 벨트젤리레인보우 수입과자 간식,과자/초콜릿/디저트/사탕/젤리/젤리
비달 사우어 벨트젤리입 VIDAL 상큼한 벨트모양 간식 젤리 구미,젤리
비달 슈퍼 팔리피카 버블껌캔디 유튜브사탕 대용량사탕,과자/초콜릿/디저트/사탕/젤리/사탕
비달 젤리빈즈 구미,젤리
비바니 다크초콜릿 99%비건초콜릿,과자/초콜릿/디저트/초콜릿/초콜릿
비바니 유기농 다크 92% 초콜릿 한박스,초콜릿
비바니 유기농 다크 초콜릿 100%[],초콜릿
비바니 유기농 다크초콜릿 100%입,과자/초콜릿/디저트/초콜릿/초콜릿
비빌 독일 목캔디 엑스트라 스트롱무설탕 천연재료 강력한 시원한 상쾌한 맛 민트,사탕
비빌 목캔디 무설탕 엑스트라스트롱,과자/초콜릿/디저트/사탕/젤리/사탕
비빌 크림딸기 시원한 무설탕 캔디,사탕
빅토리 버터 스카치 캔디/ 커피 사탕 수입캔디,과자/초콜릿/디저트/사탕/젤리/젤리
빅토리 버터스카치향 캔디풍부한 버터맛,과자/초콜릿/디저트/사탕/젤리/사탕
빅토리 버터스카치향 캔디대용량 무,사탕
빅토리 버터스카치향 캔디스카치골드대용량사탕,과자/초콜릿/디저트/사탕/젤리/사탕
빅토리 버터스카치향 캔디[4봉],사탕
빅토리 크림 커피향 캔디/ 커피사탕 등산 운전,사탕
빅토리 크림 커피향 캔디 대용량 사탕/츄파춥스/애니타임/스카치/코피코/청포도/알사탕/투시팝,과자/초콜릿/디저트/사탕/젤리/사탕
빅토리 크림 커피향 캔디 사탕/커피사탕/담라/박하사탕/목캔디/애니타임/썬키스트,과자/초콜릿/디저트/사탕/젤리/사탕
빅토리 크림커피 캔디/ 커피 사탕 수입캔디,사탕
빅트레인 핫섬머 토핑용 달고나,사탕
빙그레 곤약젤리 청포도11칼로리 식사대용,과자/초콜릿/디저트/사탕/젤리/젤리
뽐뽐 어린이 컵 솜사탕 / 랜덤,사탕
사라야 라칸토 캔디 블루베리맛,사탕
사랑N 망고 젤리 탑후르츠 애플망고젤리대용량 간식,과자/초콜릿/디저트/초콜릿
산과들에 건빵 과자 간식 초코건 x10봉+치즈건x10봉,젤리
산과들에 건빵 과자 치즈건x15봉,젤리
산과들에 견과건과 36%이상 원데이에너지바 초코미니봉,과자/초콜릿/디저트/사탕/젤리/젤리
산과들에 다크마카다미아초코볼 부럼세트정월대보름,과자/초콜릿/디저트/초콜릿/초콜릿
산과들에 다크아몬드 마카 20봉 선물세트x2,초콜릿
산과들에 다크아몬드초코볼 만점기원 응원 선물세트 + 쇼핑백,과자/초콜릿/디저트/초콜릿/초콜릿
산과들에 다크초코마카다미아 부럼 선물세트,초콜릿
산과들에 다크초코아몬드 40봉 화이트데이 선물세트 초코볼,과자/초콜릿/디저트/초콜릿/초콜릿
산과들에 다크초코아몬드 산타세트 x,과자/초콜릿/디저트/초콜릿/초콜릿
산과들에 다크초코아몬드+다크초코마카다미아 각 10봉 총 20봉,초콜릿
산과들에 다크초콜릿아몬드 60봉 화이트데이 선물세트,초콜릿
산과들에 달콤고소 다크초코아몬드볼 50봉 초코볼간식,초콜릿
산과들에 식사대용 검은콩 원데이그래놀라블랙 100봉,과자/초콜릿/디저트/초콜릿/초코바
산과들에 식품 다크초콜릿 마카다미아 100봉 견과류 초코볼 간식,초콜릿
산과들에 신상출시 검은콩 원데이그래놀라블랙 30봉 시리얼,과자/초콜릿/디저트/초콜릿/초코바
산과들에 원데이그래놀라오리지널x30봉+원데이그래놀라블랙x30봉,과자/초콜릿/디저트/사탕/젤리/젤리
산과들에 원데이뷰티풀 하루견과 100봉+10봉봉,과자/초콜릿/디저트/초콜릿/초콜릿
산과들에 초코볼 만점세트,초코볼/400g/20개입/저염/표시기준분량: 20g/열량: 110kcal/탄수화물: 9g/당류: 4g/단백질: 3g/지방: 7g/포화지방: 2.9g/트랜스지방: 0g/콜레스테롤: 0mg/나트륨: 15mg
산과들에 초콜릿 초코바 간식 원데이에너지바초코미니봉,과자/초콜릿/디저트/사탕/젤리/젤리
산리오 4D 쿠로미 구미 젤리,과자/초콜릿/디저트/사탕/젤리/젤리
산리오 4D 폼폼푸린 구미 젤리,과자/초콜릿/디저트/사탕/젤리/젤리
산리오 마이캘린더 랜덤미니 달력 아크릴 스탠드,과자/초콜릿/디저트/사탕/젤리/젤리
산리오 무설탕 틴케이스캔디/마이멜로디+폼폼푸린+시나모롤+쿠로미,사탕
산리오 미니젤 미니젤리봉 과일젤리 젤리,젤리
산리오 사탕플리퍼즈 랜덤뱃지캔디 헬로키티 사탕 시나모롤 사탕 편의점사탕,과자/초콜릿/디저트/사탕/젤리/사탕
산리오 서프라이즈 마이뱃지랜덤 굿즈 완구 수집 메탈 뱃지,젤리
산리오 시나모롤 커커비타쮸 어린이 간식 소다맛,과자/초콜릿/디저트/사탕/젤리/사탕
산리오 아몬드 토피넛 캔디 입,사탕
산리오 자일리톨 마이리톨 캔디 퓨어향,사탕
산리오 조이비타 / 랜덤 쿠로미/시나모롤/마이멜로디/폼폼푸린,사탕
산리오 초코퐁듀 머쉬멜로우/,과자/초콜릿/디저트/초콜릿/초콜릿
산리오 초코퐁듀 머쉬멜로우입 초코퐁듀,과자/초콜릿/디저트/사탕/젤리/젤리
산리오 캐릭터즈 민트 캔디 시나모롤페퍼민트향+시나모롤 밴드 / 무설탕 입냄새 구취 제거 약국,사탕
산리오 캐릭터즈 민트캔디 4종 1세트 쿠로미 시나몰롤 폼폼푸린 마이멜로디,사탕
산리오 캐릭터즈 민트캔디 폼폼푸린 캔디 파인애플향,사탕
산리오 캐릭터즈 아몬드 토피넛 캔디,사탕
산리오 키즈비타민-4봉/어린이비타민 쿠로미 마이멜로디,과자/초콜릿/디저트/사탕/젤리/사탕
산리오 프렌즈2 랜덤2종 피규어 굿즈 수집,젤리
삼광식품 마카다미아 초콜릿 입,초콜릿
삼광식품 산리오 미니벨,"초콜릿/32g/알레르기성분: 대두, 밀, 우유/저염/표시기준분량: 32g/열량: 165kcal/탄수화물: 20g/당류: 17g/단백질: 2g/지방: 9g/포화지방: 6g/트랜스지방: 0g/콜레스테롤: 5mg미만/나트륨: 20mg"
삼광식품 아이셔빅쪼니소다맛/츄잉캔디/과일맛사탕/카라멜,젤리
삼광식품 행복한 쇼콜라띠에 홈베이킹 초콜렛3종,초콜릿/구성: 다크초콜릿 + 밀크초콜릿 + 화이트초콜릿
삼다몰 제주 쇼콜라 4종세트입단품없음,과자/초콜릿/디저트/초콜릿/초콜릿
삼진미니 프레첼4종 / 매콤한비프맛 체다치즈맛 와사비맛 볶음양념맛 스낵 과자,
삼진식품 후루쮸 복숭아맛,사탕
삼진초코 빅 머쉬멜로우 캠핑 간식,젤리
상상앤드 화이트데이 수제 초콜릿 선물 세트_러블리투유 24구,초콜릿
새벽바다 무설탕 톳젤리 영양간식 한입간식 젤리 CRTJ2803[3봉],젤리
샐러드미인 망고푸딩,과자/초콜릿/디저트/사탕/젤리/젤리
서울우유 초유탄탄 류신프로틴 젤리스틱,과자/초콜릿/디저트/사탕/젤리/사탕
서해안민속식품 백점만점가락엿,엿
선미식품 따숨 콜라맛 캔디-입 한곽,과자/초콜릿/디저트/사탕/젤리/사탕
선우글로벌 카다이프&피스타치오 초콜릿,초콜릿
선인 SIB 다크초코칩초콜렛 토핑 데코 초콜릿,초콜릿
선인 그릭요거트 콘플레이크,초콜릿
선인 다크 초코렛칩,초콜릿
선인 다크 초코렛칩다크초코렛칩,과자/초콜릿/디저트/초콜릿/초콜릿
선인 다크 코팅 초콜릿다크 컴파운드 초콜렛 다크코팅다크컴파운드코팅초콜릿코팅초콜렛코팅다크,초콜릿
선인 다크초콜렛칩컴파운드 상온보관,과자/초콜릿/디저트/초콜릿/초코바
선인 벨지움 리얼초코칩,과자/초콜릿/디저트/초콜릿/초콜릿
선인 장식 듀오롤 지브라핑크,초콜릿
선인 퐁듀용 액상초콜릿 퐁듀타임,초콜릿
선인 화이트 코팅 초콜릿화이트 컴파운드 초콜렛 화이트코팅화이트컴파운드코팅초콜릿코팅초콜렛,초콜릿
성미제과 옛날 왕사탕,과자/초콜릿/디저트/초콜릿/초콜릿
성미제과 왕사탕,사탕
세라 이탈리아 페퍼민트 필링 캔디,사탕
세라 트레이더스 이탈리아 레몬 캔디,초콜릿
세라 필링 캔디 레몬+ 페퍼민트향총,과자/초콜릿/디저트/사탕/젤리/사탕
세븐일레븐 고소한 검은깨건빵 봉지스낵,과자/초콜릿/디저트/사탕/젤리/젤리
세진여행 태국 마하차녹 망고젤리,젤리
소녀제과 코하쿠토 1+1 화이트데이 수제사탕 보석캔디 호박당 젤리 구미첼,사탕
소녀제과 코하쿠토 화이트데이 수제사탕 보석캔디 호박당 한천 젤리 어린이집 선물,사탕
수라원 합격소망 장원급제 엿+찹쌀떡 혼합 수능선물세트 1호,과자/초콜릿/디저트/사탕/젤리/껌/엿
수라청 수라원_합격소망 엿 선물세트 4호 8구 /수능/합격엿,엿
수확의계절 전문쇼콜라티에가만드는쫄깃쫀득수제생초콜릿 흑임자 생초콜릿,초콜릿
순수한집 매운떡볶이 쫀득이입 1봉지 쫀드기 간식 캠핑 가정용,젤리
순수한집 제주 감귤 쫀득이,사탕
스낵24 젤리스쿨에디션 학교종이 땡땡땡 1세트,젤리
스위스미스 코코아 초콜릿 헤이즐넛 프레이버,선물세트
스위스미스 핫초코 밀크초코 33591843,사탕세트
스위스미스 핫초코 밀크초코33591849,과자/초콜릿/디저트/사탕/젤리/사탕세트
스위트 Hug 코인초콜릿 메리크리스마스,과자/초콜릿/디저트/초콜릿/초콜릿
스위트 쥬얼리 캔디소,사탕
스위트 쥬얼리 캔디소 보석캔디/목걸이사탕/미니캔디,사탕
스위트 쥬얼리 캔디 벌크대 보석캔디/목걸이사탕/미니캔디,사탕
스위트조이 롤업달곰 딸기맛,젤리/4개입/원산지: 중국/표시기준분량: 56g/열량: 200kcal
스윗토리 해바라기씨 해씨 초코볼 초콜릿 코스트코,초콜릿
스윗토리 후르츠 앤 민트향 자일리톨 껌,껌
스타벅스 자일리톨 캔디 민트 레몬 씨프렌즈 3종중,과자/초콜릿/디저트/사탕/젤리/사탕
스타벅스 파베초콜릿밀크,과자/초콜릿/디저트/초콜릿/초콜릿
스틴랜드 네덜란드 대형 코인 메달초콜릿 1등선물용,과자/초콜릿/디저트/초콜릿/초콜릿
스틴랜드 코스트코 크리스마스 동전 초콜릿 간식,과자/초콜릿/디저트/초콜릿/초콜릿
스틴랜드 크리스마스 동전초코렛코인모양 코스트코,과자/초콜릿/디저트/초콜릿/초코바
시크릿쥬쥬 LED 불빛 반지 캔디 사탕,사탕
시크릿쥬쥬 불빛반지사탕 랜덤,과자/초콜릿/디저트/사탕/젤리/사탕
시크릿쥬쥬 솜사탕 딸기향키즈카페 어린이,과자/초콜릿/디저트/사탕/젤리/사탕
시크릿쥬쥬 아크릴스탠드한박스 어린이 굿즈 수집,젤리
시크릿쥬쥬 왕반지 모양 사탕1통,사탕
시크릿쥬쥬 왕반지사탕,사탕
신라명과 셀레브르쿠키 중,젤리
신화당제과 캔디 모음 누룽지/커피/박하/흑사탕/홍삼/땡큐/요구르트/후르츠/계피,사탕
신흥제과 발효보리건빵W854C91,
실카 초콜릿 위드 아몬드,"초콜릿/36g/알레르기성분: 대두, 우유/저염/원산지: 아랍에미리트연합/표시기준분량: 36g/열량: 186kcal/탄수화물: 23g/당류: 19g/단백질: 1g/지방: 10g/포화지방: 6g/트랜스지방: 0g/콜레스테롤: 0mg/나트륨: 10mg"
실카 초콜릿 위드 크리스피 수입 초콜렛,과자/초콜릿/디저트/초콜릿/초콜릿
실카 초콜릿 위드 크리스피 초코바,과자/초콜릿/디저트/초콜릿/초콜릿
실카 크리스피입 1타 / 초콜릿 수입간식 초코바,과자/초콜릿/디저트/초콜릿/초콜릿
싱싱 추억의 논두렁32번 추억의 논두렁,과자/초콜릿/디저트/사탕/젤리/젤리
썬키스트 세가지과일맛사탕캔디,과자/초콜릿/디저트/사탕/젤리/사탕
쎌바이오텍 듀오락 생 유산균 초코볼입/ 키즈 어린이 웰빙 간식 3통,과자/초콜릿/디저트/초콜릿/초콜릿
쎌바이오텍 듀오락 생유산균 초코볼 2통 120알,과자/초콜릿/디저트/초콜릿/초콜릿
쎌바이오텍 듀오락 생유산균 초코볼입키즈 어린이 웰빙 간식,과자/초콜릿/디저트/초콜릿/초콜릿
씨믹스 위니비니 브라질너트초콜릿,과자/초콜릿/디저트/초콜릿/초콜릿
씨믹스 위니비니 퀘스틀리히 봉봉 벌꿀캔디,사탕/65g/무지방/무염/원산지: 독일/표시기준분량: 65g/열량: 248kcal/탄수화물: 62g/당류: 39g/단백질: 0g/지방: 0g/포화지방: 0g/트랜스지방: 0g/콜레스테롤: 0mg/나트륨: 0mg
씨믹스 위니비니 퀘스틀리히 봉봉 스트로베리,사탕/65g/무지방/무염/원산지: 독일/표시기준분량: 65g/열량: 248kcal/탄수화물: 62g/당류: 39g/단백질: 0g/지방: 0g/포화지방: 0g/트랜스지방: 0g/콜레스테롤: 0mg/나트륨: 0mg
씨즈캔디 리틀팝 초콜릿,사탕
씨즈캔디 토피에츠 1파운드 Toffee-ettes,사탕
씨즈캔디 토피에츠 아몬드 밀크 초콜릿 간식 디저트 스낵 견과류 바삭 사무실 크리미한 덴마크,초콜릿
씨티케이빈디브 에르바멜레 허니드롭 루바브 캔디,"사탕/100g/무지방/무염/원산지: 이탈리아/
[영양정보] 표시기준분량: 100g/열량: 380kcal/탄수화물: 95g/당류: 72g/단백질: 0g/지방: 0g/포화지방: 0g/트랜스지방: 0g/콜레스테롤: 0mg/나트륨: 0mg"
씨티케이빈디브 에르바멜레 허니드롭 민트 오렌지 캔디,"사탕/100g/무지방/무염/원산지: 이탈리아/
[영양정보] 표시기준분량: 100g/열량: 380kcal/탄수화물: 95g/당류: 72g/단백질: 0g/지방: 0g/포화지방: 0g/트랜스지방: 0g/콜레스테롤: 0mg/나트륨: 0mg"
아름식품 맛강정 대용량추억의강정 팬트리 회사 다과 간식,"껌,엿"
아리랑지에프 꿀밤맛 쫀D기,과자/초콜릿/디저트/사탕/젤리/사탕
아리랑지에프 꿀밤맛쫀디기,"쫀드기/110g/알레르기성분: 대두, 밀/저지방/원산지: 밀가루(수입산)/표시기준분량: 100g/열량: 342kcal/탄수화물: 75g/당류: 34g/단백질: 10%/지방: 2g/포화지방: 0.23g/트랜스지방: 0g/콜레스테롤: 0mg/나트륨: 251mg"
아리랑지에프 콩사탕,"사탕/650g/알레르기성분: 대두, 돼지고기/저지방/저염/표시기준분량: 100g/열량: 400kcal/탄수화물: 89g/당류: 67g/단백질: 5g/지방: 2.8g/포화지방: 1g/트랜스지방: 0g/콜레스테롤: 0mg/나트륨: 39mg"
아리랑지에프 한입참 생강대롱,과자/초콜릿/디저트/사탕/젤리
아사히콜렉션 그룹 식품 민티아 + VOiCE 레몬 진저 30 마리,사탕
아사히콜렉션 돈키호테 민티아 포도맛입 x,과자/초콜릿/디저트/사탕/젤리/사탕
아이누리 CJ 치즈에 반한 크리스피롤 21곡입,젤리
아이스붐 레몬향 캔디 사탕 입냄새제거 금연 졸음방지 허브 디저트,과자/초콜릿/디저트/사탕/젤리/젤리
아이스붐 복숭아향 캔디 사탕 입냄새제거 금연 졸음방지 허브 디저트할로윈 사탕 캔디,과자/초콜릿/디저트/사탕/젤리/사탕
아이스붐 입 복숭아 레몬,젤리
아이푸드 서주 두근두근 뽀로로와 친구들 초코만들기,초콜릿
아이푸드 서주 레인보우 젤리구슬 모양 무지개 젤리,과자/초콜릿/디저트/사탕/젤리/젤리
아이푸드 서주 마로마로 요구르트 소다맛 젤리-5통,젤리
아이푸드 서주 문파워 젤리입 4곽,과자/초콜릿/디저트/사탕/젤리/젤리
아이푸드 서주 산리오 마로마로 요구르트 소다맛,과자/초콜릿/디저트/사탕/젤리/젤리
아이푸드 서주 산리오 젤리팩토리 쪼구미,젤리
아이푸드 서주 산리오 젤리팩토리 쪼구미캐릭터 젤리 간식 사탕 군것질,젤리
아이푸드 서주 산리오 쿠로미 포도구미 젤리,과자/초콜릿/디저트/사탕/젤리/젤리
아이푸드 서주 아이스주 젤리입 신기한 젤리 맛있는 신맛 과일맛 유튜브 먹방 대용량,과자/초콜릿/디저트/사탕/젤리/젤리
아이푸드 서주 젤리인젤리 리치/담라/마이쮸/쏠라/이클립스/아이셔,과자/초콜릿/디저트/사탕/젤리/젤리
아이푸드 서주 젤리팩토리 쪼구미 과일구미 젤리 50봉입 1통,젤리
아이푸드 서주 탱글탱글 골드키위맛,젤리/40g/알레르기성분: 쇠고기/무지방/저염/표시기준분량: 40g/열량: 112kcal/탄수화물: 28g/당류: 18g/단백질: 0g/지방: 0g/포화지방: 0g/트랜스지방: 0g/콜레스테롤: 0mg/나트륨: 23mg
아이푸드 서주 탱글탱글 골드키위맛입 신기한 젤리 맛있는 신맛 과일맛 유튜브 먹방,과자/초콜릿/디저트/사탕/젤리/젤리
아이푸드 서주 탱글탱글 멀티 콜라맛,젤리
아이푸드 서주 탱글탱글 샤인머스캣맛1통,젤리
아이푸드 서주 탱글탱글 샤인머스켓맛외 3종_HM,과자/초콜릿/디저트/사탕/젤리/젤리
아이푸드 서주 탱글탱글 포도맛 젤리 / 과즙팡팡 그레이프맛,젤리
아이푸드 서주 포잉포잉 젤리,"젤리/알레르기성분: 돼지고기, 복숭아/무지방/무염/표시기준분량: 55g/열량: 205kcal/탄수화물: 51g/당류: 35g/단백질: 0g/지방: 0g/포화지방: 0/트랜스지방: 0g/콜레스테롤: 0mg/나트륨: 2.6mg"
아이푸드 서주 후르츄 사과맛1통,젤리
아주약품 올레아 올리렉스 로렌지 허브캔디,사탕
아주약품 올레아 올리렉스 로젠지 캔디허브 올리브 목,과자/초콜릿/디저트/사탕/젤리/사탕
아코르 본오본 블랑코별포장 크런치 웨이퍼 땅콩 필링크림,과자/초콜릿/디저트/초콜릿/초콜릿
아코르 본오본 수아브 초콜릿,15g
아코르 본오본 초콜릿,과자/초콜릿/디저트/초콜릿/초콜릿
아텍스 산리오캐릭터즈 커커비타쮸15ea 쿠로미 딸기우유맛 유아 어린이 간식 대용량,과자/초콜릿/디저트/사탕/젤리/사탕
안복자한과 쌀엿식품명인의 전통과자 /간식/사탕/수제/벌크포장/창평 쌀엿,엿
알도르 플레이 베어대용량 사우어 과즙 곰 젤리 어린이 간식,젤리
알도르 플레이 베어 젤리,과자/초콜릿/디저트/사탕/젤리/젤리
알버트 프리미어 벨지안황금코인초콜릿,과자/초콜릿/디저트/초콜릿/초콜릿
알프레드리터 리터스포트 코스트코 리터 초콜릿 큐브,초콜릿
앙팡 밀크릿,과자/초콜릿/디저트/사탕/젤리/사탕
앙팡 밀크릿국산 우유사탕 밀크캔디입,과자/초콜릿/디저트/사탕/젤리/사탕
앙팡 밀크릿 씹어먹는 츄잉 우유 캔디입,과자/초콜릿/디저트/사탕/젤리/사탕세트
앙팡 밀크릿 우유 사탕 밀크 캔디코스트코,사탕
애니타임 밀크민트 대용량봉,과자/초콜릿/디저트/사탕/젤리/사탕
앤디스 크림 데 민트 띤 초콜릿,초콜릿
야미 사우어 베어스,젤리/200g/무지방/원산지: 튀르키에/표시기준분량: 200g/열량: 680kcal/탄수화물: 159g/당류: 111g/단백질: 11g/지방: 0g/포화지방: 0g/트랜스지방: 0g/콜레스테롤: 0mg
야미구미 사우어 웜즈,젤리
야미얼스 Organic 구미 베어 과일 캔디 스낵 팩 35 -0.7온스,초콜릿
야미얼스 오가닉 구미 베어,사탕
야미얼스 오가닉 팝스 다양한 맛입,과자/초콜릿/디저트/사탕/젤리/사탕
야미얼스 오가닉 하드 캔디 와일드 페퍼민트얌얼,사탕
야미얼스 유기농 막대사탕어린이 사탕,과자/초콜릿/디저트/사탕/젤리/사탕
야미얼스 유기농 막대사탕,사탕
야미얼스 유기농 막대사탕어린이집 선물 유기농 막대사탕,사탕
야미얼스 유기농 웜 젤리,젤리
야미얼스 하드 캔디 와일드 페퍼민트 글루텐 프리,사탕
야미얼스 하드 캔디 프루트 글루텐 프리,사탕
양지제과 양지 옛날 왕사탕,"사탕/300g/구성: 복숭아맛, 메론맛/표시기준분량: 16g/열량: 65kcal/탄수화물: 16g/당류: 9g"
어거스트스톡 Euka Menthol 유카 멘솔 민트 캔디,과자/초콜릿/디저트/사탕/젤리/사탕
어거스트스톡 딕만스 3종 밀크 다크 초콜릿 화이트초코마시멜로우입,과자/초콜릿/디저트/사탕/젤리/젤리
어거스트스톡 리젠 초코토피 메가팩,초콜릿
어거스트스톡 메르시 레드,초콜릿
어거스트스톡 메르시 파이니스트 셀렉션 레드,사탕
어거스트스톡 메르시 파이니스트 셀렉션 레드[],초콜릿
어거스트스톡 메르시 파이니스트 셀렉션 블루,사탕
어거스트스톡 메르시초콜릿,/과자/초콜릿/디저트/초콜릿/초콜릿
어거스트스톡 웨더스 오리지날 이클레,과자/초콜릿/디저트/사탕/젤리/사탕
어거스트스톡 웨더스 오리지날 커피 캔디,과자/초콜릿/디저트/사탕/젤리/사탕
"어거스트스톡 웨더스 오리지날 크리미필링 1,독일 웨덜스 사탕 캔디",과자/초콜릿/디저트/사탕/젤리/사탕
어거스트스톡 웨더스 오리지날 크림 카라멜,과자/초콜릿/디저트/사탕/젤리/사탕
어거스트스톡 웨더스 오리지날무설탕,사탕
어거스트스톡 웨더스 오리지널 츄이토피,사탕
어거스트스톡 웨더스 오리지널 커피 캔디 크리미,사탕
어거스트스톡 웨더스 오리지널 크리미필링/버터캔디/웨덜스,과자/초콜릿/디저트/사탕/젤리/카라멜
어거스트스톡 웨더스 오리지널 크림 캔디 슈가프리,사탕
어거스트스톡 웨더스 카라멜 크림/버터캔디/웨덜스,선물세트
어거스트스톡 웨덜스 오리지널 버터 크림 캔디코스트코 수입캔디,과자/초콜릿/디저트/사탕/젤리/사탕
어거스트스톡 토피피독일 수입 초콜렛,과자/초콜릿/디저트/초콜릿/초콜릿
업업 공정무역 밀크초콜릿 5종 택1,초콜릿
업업 공정무역 초콜릿 북 케이스 세트,초콜릿
에이에프인터내셔널 ASMR 코하쿠토 캔디/ 보석캔디 /젤리,과자/초콜릿/디저트/사탕/젤리/젤리
에코푸드 추억의 꽈배기 / 추억의과자 꽈배기과자 옛날과자,젤리
에코푸드 추억의 마블 사탕,과자/초콜릿/디저트/사탕/젤리/사탕
엑스오 커피캔디/커피사탕,과자/초콜릿/디저트/사탕/젤리/사탕
엑스오 클래식 커피 캔디,과자/초콜릿/디저트/사탕/젤리/젤리
엘리트 고메 어쏘티드 셀렉션 블랙백,과자/초콜릿/디저트/초콜릿/초콜릿
엘리트 럭셔리 컬렉션 초콜릿 프랄린 그린,과자/초콜릿/디저트/초콜릿/초콜릿
엘리트 스푼 모양 초콜릿,초콜릿/54g/6개입/저염/원산지: 터키/표시기준분량: 54g/열량: 295Kcal/탄수화물: 27.7g/당류: 23%/단백질: 4.37g/지방: 18.47g/포화지방: 11g/트랜스지방: 0g/콜레스테롤: 3.78mg/나트륨: 1%
엘반토픽스 커피츄 캔디 카라멜대용량 사탕,과자/초콜릿/디저트/사탕/젤리/사탕
엘반토픽스 커피츄잉 캔디1봉,사탕
엘반트러플 어솔트먼트 크런치 대용량 초콜릿,과자/초콜릿/디저트/초콜릿/초콜릿
엘반폰단테 카라멜향 토피,초콜릿
엠바레 코코아 앤 밀크 카라멜,과자/초콜릿/디저트/초콜릿/초콜릿
엠오이칼 Em-eukal 클래식 무설탕 기침 캔디6봉 독일 목 초록색 사탕,과자/초콜릿/디저트/사탕/젤리/사탕
엠오이칼 너에게 필요한당 엠오이칼 포도당캔디세트,사탕
엠오이칼 독일 무가당 캔디5종 1세트 클래식+레몬+진저오렌지+세이지+와일드체리,과자/초콜릿/디저트/사탕/젤리/사탕
엠오이칼 무가당 4종 1셋트 클래식 레몬 살베이 진저오렌지 맛보기제공,과자/초콜릿/디저트/사탕/젤리/사탕
엠오이칼 무가당 와일드 체리맛 캔디목캔디 목사탕,과자/초콜릿/디저트/사탕/젤리/사탕
엠오이칼 무설탕 사탕 외 20종 코스트코 목캔디 독일 포도당캔디 사탕/케익 이벤트 클래식,과자/초콜릿/디저트/사탕/젤리/사탕
엠오이칼 무설탕 캔디 5종 셋트 클래식 레몬 살베이 진저오렌지 와일드체리,과자/초콜릿/디저트/사탕/젤리/사탕
엠오이칼 와일드 체리 무가당 캔디[],사탕
엠오이칼 유칼립투스무가당,과자/초콜릿/디저트/사탕/젤리/사탕
엠오이칼 유칼립투스 무설탕 목캔디통 독일산 무가당 슈가프리 천연향료,과자/초콜릿/디저트/사탕/젤리/사탕
엠오이칼 진저오렌지 무가당 캔디,과자/초콜릿/디저트/사탕/젤리/사탕
엠오이칼 캔디 3종 세트 클래식 허니 석류꿀 환절기 목캔디 강추,과자/초콜릿/디저트/사탕/젤리/사탕
엠오이칼 캔디 클래식,사탕
엠오이칼 클래식 무가당 독일 목캔디,과자/초콜릿/디저트/사탕/젤리/사탕
엠오이칼 클래식 무설탕 사탕천연 목캔디 대용량 답례품,과자/초콜릿/디저트/사탕/젤리/사탕
엠오이칼 키즈 체리맛 무가당 캔디,과자/초콜릿/디저트/사탕/젤리/사탕
오리온 과자마켓 와우껌 아이셔 청사과입X4볼,껌
오리온 꼬북칩 콘스프 M,과자/초콜릿/디저트/사탕/젤리
오리온 농심 종합과자선물세트 10종,과자/초콜릿/디저트/사탕/젤리/젤리
오리온 뉴 미쯔 스낵팩,초콜릿
오리온 다이제 초코,과자/초콜릿/디저트/초콜릿/초콜릿
오리온 다이제볼1P,초콜릿
오리온 닥터유 단백질 볼입 초콜렛 봉지과자,과자/초콜릿/디저트/초콜릿/초코바
오리온 닥터유 단백질칩버터오징어+ 칠리살사맛,과자/초콜릿/디저트/사탕/젤리/젤리
오리온 닥터유 단백질칩 버터구이오징어맛입,과자/초콜릿/디저트/사탕/젤리/젤리
오리온 닥터유 미니 간식용 단백질바 40봉 개별포장,젤리
오리온 닥터유 에너지바 미니에너지바 영양 간식 대용량 회사 사무실 탕비실,과자/초콜릿/디저트/초콜릿/초콜릿
오리온 닥터유 에너지바 미니 대용량 간식 1봉지입,초콜릿
오리온 닥터유 에너지바 입 프로틴바,초콜릿
오리온 닥터유 에너지바 투바이트 디스펜서 약입,과자/초콜릿/디저트/초콜릿/초콜릿
오리온 닥터유 에너지바미니+단백질바미니+에너지바호두미니,초콜릿
"오리온 닥터유프로 크런치 한입쏙 약입, 총",초콜릿
오리온 더 자일리톨 리필백,"껌,엿"
오리온 더 자일리톨 리필백 츄잉 입가심,"껌,엿"
오리온 더자일리톨 츄잉껌[],껌
오리온 더탱글 마이구미 간식용 미니젤리개별포장,젤리
오리온 더탱글 마이구미 버라이어티,과자/초콜릿/디저트/사탕/젤리/젤리
오리온 마이구미 청포도 젤리 / 학생 사무실 유치원 어린이 학교 회사 탕비실 간식,젤리
오리온 마이구미 포도+ 복숭아,과자/초콜릿/디저트/사탕/젤리/젤리
오리온 마이구미 포도 x 4BOX,젤리
오리온 마이구미 포도알맹이 +자두알맹이+리찌알맹이+키위알맹이x각총,과자/초콜릿/디저트/사탕/젤리/젤리
오리온 마켓오 치즈톡,과자/초콜릿/디저트/초콜릿/초콜릿
오리온 미쯔 블랙 미니6봉 시리얼 과자 간식,과자/초콜릿/디저트/초콜릿/초코바
오리온 바이오 생과즙 캔디,과자/초콜릿/디저트/사탕/젤리/사탕
오리온 바이오 생우유 캔디,과자/초콜릿/디저트/사탕/젤리/사탕
오리온 비틀즈 사워,사탕/40g/저염/표시기준분량: 40g/열량: 162kcal/탄수화물: 36g/당류: 31g/단백질: 0g/지방: 2g/포화지방: 1.8g/트랜스지방: 0g/콜레스테롤: 0mg/나트륨: 15mg
오리온 산타하우스 어드벤트 캘린더,과자/초콜릿/디저트/초콜릿/초콜릿
오리온 새알 초콜릿,초콜릿
오리온 썬칩간식/대용량/탕비실/학교,과자/초콜릿/디저트/사탕/젤리/젤리
"오리온 아이셔 3MIX 자두맛,청사과맛,소다맛 2묶음",젤리
오리온 아이셔 사우어 캔디 소다맛 츄잉 사탕개별포장,사탕
오리온 아이셔 츄잉캔디 자두맛,사탕
오리온 아이셔 츄잉캔디 청사과맛1BOX 아이셔 츄잉캔디 청사과맛1BOX,사탕
오리온 아이셔츄 레몬라임+ 포도샤인머스켓총,과자/초콜릿/디저트/사탕/젤리/젤리
오리온 오그래놀라 다이제1,초코바
오리온 오징어땅콩 핫스파이시,과자/초콜릿/디저트/사탕/젤리/젤리
오리온 오징어땅콩M,과자/초콜릿/디저트/초콜릿/초코바
오리온 와우 톡톡콜라1p,"껌,엿"
오리온 와우껌 블루 소다 뽕따맛/풍선껌/소다맛껌,껌
오리온 와우껌 쿨소다 / 포도맛 / 콜라맛/ 블랙레몬/ 레인보우 풍선껌 블랙레몬,껌
오리온 왕꿈틀이 지렁이젤리 / 학생 사무실 유치원 어린이 학교 회사 탕비실 간식,과자/초콜릿/디저트/사탕/젤리/젤리
오리온 자두 + 리찌 + 포도 +키위 알맹이젤리 4종[2세트],젤리
오리온 자두알맹이 + 리찌알맹이 + 포도알맹이젤리 3종 2세트,과자/초콜릿/디저트/사탕/젤리/젤리
오리온 자두알맹이+ 포도알맹이과일과즙 젤리 캔디 2+1 총포도알맹이자두알맹이,과자/초콜릿/디저트/사탕/젤리/젤리
오리온 자일리톨2,"껌,엿"
오리온 자일리톨4,과자/초콜릿/디저트/사탕/젤리/껌/엿
오리온 자일리톨 리필6,"껌,엿"
오리온 제과 꼬물탱,젤리
오리온 제과 알맹이4종 포도+ 자두+ 리찌+ 키위합,젤리
오리온 제과 키위 알맹이,과자/초콜릿/디저트/사탕/젤리/젤리
오리온 젤리 마이구미 포도맛/사탕,과자/초콜릿/디저트/사탕/젤리/젤리
오리온 젤리 버라이어티팩 더탱글 마이구미 왕꿈틀이 꼬물탱 /대용량 젤리 미니 학교 사무실 간식,젤리
"오리온 찍먹나쵸세트 4종14봉, 찍먹나쵸4+찍먹오감자4+나쵸치즈3+나쵸어니언3",과자/초콜릿/디저트/사탕/젤리
오리온 초코송이 10통+자색옥춘사탕세트 1세트,과자/초콜릿/디저트/초콜릿/초콜릿
오리온 초코파이,과자/초콜릿/디저트/초콜릿/초콜릿
오리온 초코파이 바나나 실속형입x33625550,과자/초콜릿/디저트/사탕/젤리/젤리
오리온 초코파이 파티팩 초코파이45p+토퍼,과자/초콜릿/디저트/사탕/젤리
오리온 쵸코송이 1Box 대용량 초코과자 간식 WC,
오리온 치즈 뿌린 치킨팝간식 과자 파티 뿌링클,과자/초콜릿/디저트/사탕/젤리/젤리
오리온 키위 알맹이/ 간식 젤리 대용량 마이구미,과자/초콜릿/디저트/사탕/젤리/젤리
오리온 키위 알맹이,젤리
오리온 키위 알맹이/ 간식 젤리 마이구미,과자/초콜릿/디저트/사탕/젤리/젤리
오리온 키위 알맹이입,젤리
오리온 키위알맹이+ 리찌알맹이,과자/초콜릿/디저트/사탕/젤리/젤리
오리온 키위알맹이+ 포도알맹이,과자/초콜릿/디저트/사탕/젤리/젤리
오리온 키위알맹이 젤리,과자/초콜릿/디저트/사탕/젤리/젤리
오리온 톡핑 아몬드 앤 그래놀라 초콜릿,초콜릿
오리온 통아몬드,과자/초콜릿/디저트/사탕/젤리/사탕
오리온 통아몬드 캔디고소한 견과 크런치 입가심 간식,과자/초콜릿/디저트/사탕/젤리/사탕
오리온 패션후르츠 알맹이,"젤리/67g/알레르기성분: 우유, 돼지고기/무지방/표시기준분량: 67g/열량: 204kcal/탄수화물: 49g/당류: 33g/단백질: 2g/지방: 0g/포화지방: 0g/트랜스지방: 0g/콜레스테롤: 0mg/나트륨: 90mg"
오리온 포도알맹이 +자두알맹이+리찌알맹이+키위알맹이x각총,젤리
오리온 포도알맹이+ 자두알맹이젤리,젤리
오리온 포도알맹이 자두알맹이 젤리데이 왕꿈틀이 SOUR꿈틀이 마이구미 포도 복숭아 청포도 젤리 8종 각씩 총,과자/초콜릿/디저트/사탕/젤리/젤리
"오리온 포도알맹이,,+ 리찌 알맹이,,",과자/초콜릿/디저트/사탕/젤리/젤리
오리온 핫브레이크 미니 오리지널,초콜릿
오리온 핫브레이크 오리지널 미니,초코바
오리히로 과일 곤약 젤리짜먹는 일본 어린이 학교 학원 간식 과일 곤약 젤리입,젤리
오리히로 과일 곤약젤리 입,젤리
오리히로 탱글 곤약젤리 꿀사과맛,젤리
오버파워푸드 두바이 초콜릿 수제 만들기 키트,"DIY초콜릿/구성: 수제 파스타치오 스프레드 200g, 다크 초콜릿 300g, 스티커, 티파니 미수아, 포장 비닐, 사각몰드, 니트릴 장갑, 데코 초코펜, 레시피카드"
오성제과 리치즈아하/총입 대용량간식,과자/초콜릿/디저트/사탕/젤리/젤리
오키오 구미 믹스 포도 망고 복숭아 딸기젤리 대용량,젤리
오키오 망고 구미,젤리/80g/알레르기성분: 쇠고기/무지방/저염/표시기준분량: 80g/열량: 380kcal/탄수화물: 88g/당류: 55g/단백질: 7g/지방: 0g/포화지방: 0g/트랜스지방: 0g/콜레스테롤: 0mg/나트륨: 45mg
오키오 망고 푸딩입,"껌,엿"
오키오 망고 푸딩,젤리
오키오 스트로베리 구미,"젤리/80g/알레르기성분: 쇠고기/무지방/저염/
[영양정보] 표시기준분량: 80g/열량: 296kcal/탄수화물: 74g/당류: 42g/단백질: 0g/지방: 0g/포화지방: 0g/트랜스지방: 0g/콜레스테롤: 0mg/나트륨: 13mg"
오키오 트로피칼 바,젤리
오키오 트로피칼 푸딩,젤리
오키오 트로피칼바16봉,사탕
오희숙전통부각 명인 찹쌀 매운 김부각+ 갈릭,과자/초콜릿/디저트/사탕/젤리
올가홀푸드 ORGA 우리집 레시피 보리튀밥 강정피크닉.캠핑스낵 탕비실 혼밥 핵가족 간단요리,"껌,엿"
올바름 자일리톨 100% 사탕,사탕
용각산 목 캔디 사탕박하맛 환절기 기본본 88그램,과자/초콜릿/디저트/사탕/젤리/사탕
용각산 목캔디,사탕
용각산 목캔디 120max 봉지,과자/초콜릿/디저트/사탕/젤리/사탕
용각산 목캔디 말차 허브맛 10봉지 환절기 추천,과자/초콜릿/디저트/사탕/젤리/사탕
용각산 목캔디 박하맛 스틱 캔디2box 일본,과자/초콜릿/디저트/사탕/젤리/젤리
용각산 목캔디 박하맛 스틱 캔디3box 총 300알입 일본,젤리
용각산 목캔디 스틱 골드 허브 마일드 120max 10알,사탕
용각산 목캔디 오리지널 6봉지세트 답답한 목을 뻥 뚫어줄 캔디타입의 오리지널,사탕
용각산 목캔디 오리지널 사탕10봉,과자/초콜릿/디저트/사탕/젤리/사탕
용각산 목캔디 허니 레몬맛 10봉지 환절기 추천,과자/초콜릿/디저트/사탕/젤리/사탕
용각산 의 목 깔끔한 사탕 들이 일본제,사탕
용각산 캔디 가루 120max 3봉지 일본 목캔디 사탕,과자/초콜릿/디저트/사탕/젤리/사탕
우남산업 애니타임 무설탕 캔디 민트맛 대용량 사탕개별포장,사탕
우리가스토리 GG 누룽지맛 캔디 H 사탕 대용량사탕,과자/초콜릿/디저트/사탕/젤리/사탕
우리가스토리 땅콩알사탕대용량 사탕 업소용,과자/초콜릿/디저트/사탕/젤리/사탕
우리가스토리 땅콩알사탕 업소용사탕 대용량사탕[1봉],초콜릿
우리밀 꿀쫀드기X,젤리
우리밀 제대로 현미칩 / 국산 현미 과자 건강 스낵,
우리밀 통통 슈크림 붕어빵,초코바
우리밀 프리미엄 수제쿠키 선물세트 3종 간식 디저트,젤리
우리씨앤디 미왕 에코푸드 16곡물 쫀디기12봉,과자/초콜릿/디저트/사탕/젤리/젤리
웅진식품 우리아이 배도라지모과 젤리어린이 키즈,과자/초콜릿/디저트/사탕/젤리/젤리
워커스 논서치 토피 초콜릿 모음,초콜릿
워커스 어쏘티드 토피 초콜릿,과자/초콜릿/디저트/초콜릿/초콜릿
워커스 잉글리쉬 크리미 토피Walkers English Creamy Toffees,과자/초콜릿/디저트/초콜릿/초콜릿
웨더스 오리지날 버터캔디웨덜스캔디 버터캔디 수입사탕 대용량 버터사탕 제조22년/유통기한24년,과자/초콜릿/디저트/사탕/젤리/사탕
웨더스 초코캔디 슈가프리,과자/초콜릿/디저트/사탕/젤리/사탕
웨더스 커피캔디 크리미,과자/초콜릿/디저트/사탕/젤리/사탕
웨더스 크림캔디 슈가프리,과자/초콜릿/디저트/사탕/젤리/사탕
웰치스 믹스 후르츠 젤리,과자/초콜릿/디저트/사탕/젤리/젤리
웰치스 믹스후르츠 과일맛젤리,과자/초콜릿/디저트/사탕/젤리/젤리
웰치스 프루트 스낵 믹스드 프루트입,젤리
웰치스 후르츠 믹스 젤리 과일맛 간식 코스트코,젤리
웰치스 후르츠믹스 젤리입,과자/초콜릿/디저트/초콜릿/초콜릿
위너스 프레첼 갈릭버터맛 x/버터칩/마늘빵,젤리
위토스 골든 초콜릿,과자/초콜릿/디저트/초콜릿/초콜릿
위토스 초콜릿 크리미 셀렉션 로마,초콜릿
유기농 발아 미숫가루,젤리
유나이티드 커피맛 캔디,초코바
유라쿠 블랙썬더 파우치,"초콜릿/55g/알레르기성분: 대두, 밀, 우유/표시기준분량: 55g/열량: 290kcal/탄수화물: 33g/당류: 6g/단백질: 4g/지방: 16g/포화지방: 0g/트랜스지방: 0g/콜레스테롤: 0mg/나트륨: 164mg"
유키앤러브 대만 과일 젤리망고 복숭아 패션후르츠 망고1곽,과자/초콜릿/디저트/사탕/젤리/젤리
유피 콜라향 버거 젤리입 버거젤리입,과자/초콜릿/디저트/사탕/젤리/사탕
유피 핫도그모양 빅프랭크수입젤리,과자/초콜릿/디저트/사탕/젤리/젤리
유피코리아 3D 자이언트 콜라향 바틀 젤리입 대용량젤리 수입젤리,과자/초콜릿/디저트/사탕/젤리/젤리
유피코리아 핫도그 모양 빅프랭크 콜라향 젤리입 대용량 수입젤리,젤리
윤진무역 향라웨이 설곤약 중국간식 곤약쫀드기,젤리
이그니스 랩노쉬 단백쿠키바 블랙,초콜릿
이데아푸드 초콜릿/수제초콜릿 DIY 초코 발렌타인/다크/화이트/밀크/만들기,초콜릿
이마트 CJ 맛밤,
이마트 공룡알 초코볼 초콜릿대용량/학교/탕비실/간식,초콜릿
이마트 노브랜드 다크 초콜렛,초콜릿
이마트 노브랜드 다크 초콜릿,과자/초콜릿/디저트/초콜릿/초콜릿
이마트 노브랜드 다크초콜릿 72%1세트,초콜릿
이마트 노브랜드 단백질바 프로틴입,과자/초콜릿/디저트/초콜릿/초코바
이마트 노브랜드 롤리팝 막대사탕,사탕
이마트 노브랜드 밀크 초콜릿,초콜릿
이마트 노브랜드 밀크초콜릿,과자/초콜릿/디저트/초콜릿/초콜릿
이마트 노브랜드 슈가프리캔디 포도맛 무설탕 후식사탕,사탕
이마트 노브랜드 어쏘티드 초코볼,초콜릿
이마트 노브랜드 젤리빈,젤리
이마트 노브랜드 초코 베어 300그램입NOBRAND CHOCO BEAR,초콜릿
이마트 노브랜드 초코필링마시멜로,사탕
이마트 노브랜드 코코넛로쉐,젤리
이마트 노브랜드 티라미슈 초코볼 밀크+화이트,과자/초콜릿/디저트/초콜릿/초콜릿
이마트 노브랜드 팥양갱입,과자/초콜릿/디저트/사탕/젤리/사탕
이마트 노브랜드 팥양갱 양갱 어르신 간식 과자,젤리
이마트 노브랜드 프루티 젤리 오렌지,과자/초콜릿/디저트/사탕/젤리/젤리
이마트 누룽지 뻥튀기 대용량과자 옛날과자[6봉],
이마트 애플망고젤리과일젤리 수입젤리 간식 대용량사탕 대용량과자,과자/초콜릿/디저트/사탕/젤리/젤리
이마트 제대로 현미칩,
이마트 치아씨드가 쏙쏙 박힌 모구 키위 젤리_,과자/초콜릿/디저트/사탕/젤리/젤리
이마트 트러플 카사바칩,과자/초콜릿/디저트/사탕/젤리
이마트 피코크 G 신상 말랑 리치젤리[],젤리
이마트 피코크 G 신상 말랑 망고젤리,과자/초콜릿/디저트/사탕/젤리/젤리
이마트 피코크 로우슈거 라스베리 민트껌,껌/105g/알레르기성분: 대두/무지방/무당/무염/표시기준분량: 103g/열량: 190kcal/탄수화물: 77g/당류: 0g/단백질: 0g/지방: 0g/포화지방: 0g/트랜스지방: 0g/콜레스테롤: 0mg/나트륨: 0mg
이마트 피코크 로우슈거 아몬드 초코볼,초코볼/90g/알레르기성분: 대두/저당/저염/표시기준분량: 90g/열량: 455kcal/탄수화물: 46g/당류: 1g/단백질: 9g/지방: 31g/포화지방: 11g/트랜스지방: 0g/콜레스테롤: 0mg/나트륨: 10mg
이마트 피코크 리얼다크초콜릿 아몬드 바크씬+쿠키크런치 바크씬각씩 총,과자/초콜릿/디저트/초콜릿/초콜릿
이마트 피코크 말랑젤리 4종 각씩 망고복숭아포도리치,젤리
이마트 피코크 무설탕 레몬캔디,사탕
이마트 피코크 무설탕 망고캔디,사탕
이마트 피코크 무설탕 애플캔디,사탕/80g/무지방/무당/무염/표시기준분량: 80g/열량: 200kcal/탄수화물: 80g/당류: 0g/단백질: 0g/지방: 0g/포화지방: 0g/트랜스지방: 0g/콜레스테롤: 0mg/나트륨: 0mg
이마트 피코크 밀크 카라멜,"카라멜/500g/알레르기성분: 대두, 우유/표시기준분량: 100g/열량: 395kcal/탄수화물: 85g/당류: 35g/단백질: 0g/지방: 6g/포화지방: 2.5g/트랜스지방: 0g/콜레스테롤: 5mg/나트륨: 170mg"
이마트 피코크 호두 크런치 초코볼,과자/초콜릿/디저트/초콜릿/초콜릿
이메이 대용량 구미 초코볼 포도맛 세트,젤리
이즈나우 머랭쿠키 모양 마시멜로우,25g/저염/표시기준분량: 25g/열량: 84kcal/탄수화물: 20g/당류: 16%/단백질: 1g/나트륨: 10mg
이즈나우 머랭쿠키 모양 마시멜로우입,500g/20개입/저염/표시기준분량: 25g/열량: 84kcal/탄수화물: 20g/당류: 16%/단백질: 1g/나트륨: 10mg
이클립스 무설탕 껌 윈터 포레스트맛 리필팩 180피스,껌
이클립스 페퍼민트2P+스피어민트1P+피치1P+스트로베리1P+워터멜론1P+배비파1P+꿀레몬1P 총,과자/초콜릿/디저트/사탕/젤리/사탕
이클립스 피치+스트로베리총,사탕
이홈베이킹 리얼청크초콜릿,초콜릿
이홈베이킹 초코펜 데코펜 오렌지,과자/초콜릿/디저트/초콜릿/초콜릿
이홈베이킹 초코펜7종세트,초콜릿
이홈베이킹 커버럭스 화이트,과자/초콜릿/디저트/초콜릿/초콜릿
인차 생강젤리 진저 생강 젤리 간식 대용량,젤리
인크리코 3.7디저트 종합캔디화이트데이 사탕 캔디,과자/초콜릿/디저트/사탕/젤리/카라멜
인크리코 디저트 요구르트 캔디화이트데이 사탕 캔디,카라멜
인크리코 디저트타임 박하향 캔디화이트데이 사탕,과자/초콜릿/디저트/사탕/젤리/카라멜
인크리코 땅콩카라멜화이트데이 사탕 캔디 간식 선물,사탕
인크리코 화이트데이 사탕 꼬깔캔디유치원 어린이집 선물,사탕
인테이크 슈가로로 맛있는 곤약젤리 망고스틴,과자/초콜릿/디저트/사탕/젤리/젤리
인테이크 슈가로로 쫄깃탱글 코코제로 5종,젤리
일광제과 누룽지맛 캔디+ 후루츠후루츠캔디,사탕
일광제과 다시마 제리,과자/초콜릿/디저트/사탕/젤리/젤리
일광제과 땅콩카라멜대용량 벌크포장 업소용,사탕
일광제과 땅콩카라멜 대용량 벌크포장 업소용,젤리
일광제과 땅콩캬라멜땅콩캬라멜,사탕
일광제과 레몬생강 캔디,사탕
일광제과 복분자젤리,젤리
일광제과 비타레몬C1봉 kh3384,과자/초콜릿/디저트/사탕/젤리/사탕
일광제과 비타레몬C kh3385[5봉],사탕
일광제과 제주감귤젤리,젤리
일광제과 종합젤리 추억의 젤리 혼합맛[1봉],젤리
일광제과 콩사탕,과자/초콜릿/디저트/사탕/젤리/사탕
일광제과 후르츠후르츠 캔디,과자/초콜릿/디저트/사탕/젤리/사탕
임팩트 민트 무설탕 캔디 딸기입,사탕
임팩트 카카오프렌즈 민트 무설탕 캔디 어피치 복숭아입 독일산,과자/초콜릿/디저트/사탕/젤리/사탕
자연맛남 벨기에 초콜릿 브로이어 어쏘트먼트 컬렉션 11P,초콜릿
자이니 블루 문 라떼[1봉],초콜릿
작심밀도 영양만점 유기농 키즈맛밤,과자/초콜릿/디저트/사탕/젤리
제니베이커리 마카다미아 코코아 크리스피,과자/초콜릿/디저트/사탕/젤리/젤리
제주커머스 제주 백년초 초콜릿제주직송,과자/초콜릿/디저트/초콜릿/초콜릿
제주커머스 제주 한라봉 초콜릿제주직송,과자/초콜릿/디저트/초콜릿/초콜릿
젤리벨리 젤리빈 빅빈 젤리 디스펜서 20가지맛,과자/초콜릿/디저트/사탕/젤리/젤리
젤리벨리 젤리빈 빈부즐 젤리 스피너 게임 상자,젤리
젤리젤리 세라 레몬필링 캔디[],젤리
종근당 닥터케어 당코치 통곡물 크런치 시리얼,과자/초콜릿/디저트/초콜릿/초코바
종근당 락토조이 유산균 구미 젤리 복숭아맛 간식,젤리
죠애나 100% 카카오매스 코코아매스 무가당 초콜릿,초코바
쥬시 망고스틴 젤리,젤리
쥬시 청포도 젤리,젤리
지에프컴퍼니 네이쳐티 나타데코코 8x8x8mm,젤리
지에프컴퍼니 네이쳐티 나타데코코 리치향 코코넛젤리 5x5x5mm / 1봉,젤리
지투지샵 고소한 아몬드땅콩 두부과자,젤리
쪽빛누리 과자 옛날과자 맛도라 오란다대표 제품,과자/초콜릿/디저트/사탕/젤리/젤리
참다올 전통부각 명품 모듬세트 12봉,젤리
채널펫 자연애 16곡물 곤약 쫀드기 10봉 1봉입 군것질 저칼로리 쫀디기,젤리
천하코퍼레이션 로젠 크레이지비젤리,사탕
천하코퍼레이션 탱글탱글 까먹는젤리 망고맛,젤리
청오 올바른 10곡 미숫가루,과자/초콜릿/디저트/사탕/젤리/젤리
청우식품 가마솥 누룽지 캔디,사탕
청우식품 스타프룻 젤리 포도맛트위스트 과즙 젤리 간식 캔디,과자/초콜릿/디저트/사탕/젤리/젤리
청우식품 이음식 계피맛 캔디,사탕/420g/무지방/무염/표시기준분량: 100g/열량: 390kcal/탄수화물: 98g/당류: 81g/단백질: 0g/지방: 0g/포화지방: 0g/트랜스지방: 0g/콜레스테롤: 0mg/나트륨: 0mg
청우식품 이음식 누룽지맛 사탕,사탕/420g/저지방/저염/표시기준분량: 100g/열량: 400kcal/탄수화물: 98g/당류: 96g/단백질: 0g/지방: 0.5g/포화지방: 0.1g/트랜스지방: 0g/콜레스테롤: 0mg/나트륨: 48mg
청우식품 이음식 디저트 종합캔디,사탕/1200g/구성: 계피캔디2/표시기준분량: 12g(4개)/열량: 50kcal/탄수화물: 12g/당류: 8g/단백질: 0g/지방: 0g/포화지방: 0g/트랜스지방: 0g/콜레스테롤: 0mg/나트륨: 15mg
청우식품 이음식 땅콩 캬라멜,카라멜/350g/표시기준분량: 12g/열량: 50kcal/탄수화물: 9g/당류: 6g/단백질: 0g/지방: 1.4g/포화지방: 0g/트랜스지방: 0g/콜레스테롤: 0mg/나트륨: 15mg
청우식품 이음식 오리지널 진 찰떡 쿠키입임박24.04.19,과자/초콜릿/디저트/초콜릿/초콜릿
청우식품 이음식 캔디 종합,"사탕/420g/구성: 사과캔디, 오렌지캔디, 파인애플 캔디, 포도캔디, 딸기캔디, 박하맛사탕, 커피캔디, 메론제리, 딸기제리, 팥양갱, 고려홈상제리"
청우식품 참깨스틱,과자/초콜릿/디저트/사탕/젤리/젤리
청우식품 후르츠 캔디,"사탕/900g/무지방/무염/
[영양정보] 표시기준분량: 12g/열량: 50kcal/탄수화물: 12g/당류: 8g/단백질: 0g/지방: 0g/포화지방: 0g/트랜스지방: 0g/콜레스테롤: 0mg/나트륨: 0mg"
청원식품 까먹는 망고 젤리,"젤리/40g/알레르기성분: 돼지고기, 아황산류/무지방/표시기준분량: 40g/열량: 164kcal/탄수화물: 38g/당류: 9g/단백질: 3g/지방: 0g/포화지방: 0g/트랜스지방: 0g/콜레스테롤: 0mg/나트륨: 124mg"
청원식품 까먹는 복숭아 젤리,"젤리/40g/알레르기성분: 돼지고기, 복숭아, 아황산류/무지방/표시기준분량: 40g/열량: 164kcal/탄수화물: 38g/당류: 9g/단백질: 3g/지방: 0g/포화지방: 0g/트랜스지방: 0g/콜레스테롤: 0g/나트륨: 6%"
체리쉬 망고푸딩젤리,젤리
초코 데코펜종 세트,"초콜릿/구성: 핑크, 퍼플, 오렌지, 옐로우, 블루, 레드, 그린, 화이트, 다크 2개"
초코러브 솔티드 피넛 버터 인 밀크 초콜릿 33% 코코아,과자/초콜릿/디저트/초콜릿/초콜릿
초코러브 커피 크런치 인 다크 초콜릿,과자/초콜릿/디저트/초콜릿/초콜릿
초콜릿아트 10구 수능 합격기원 수제초콜릿 고3 수험생 응원 선물세트,과자/초콜릿/디저트/초콜릿/초콜릿
칠성제과 고려홍삼캔디365,사탕/800g
칠성제과 과일향 종합캔디,사탕
카루길 새콤짱 딸기맛,젤리
카무트 누룽지,과자/초콜릿/디저트/사탕/젤리/젤리
카바야 도토루 카페쇼콜라,초콜릿
카바야 염분차지 캔디1봉,과자/초콜릿/디저트/사탕/젤리/사탕
카벤디쉬 팜스 과일맛 캔디병용기 / 과일사탕 과일맛캔디 종합사탕 캔디 사탕,과자/초콜릿/디저트/초콜릿/초콜릿
카벤디쉬 팜스 하비캔디후르츠 병캔디 수입캔디,과자/초콜릿/디저트/사탕/젤리/사탕
카벤디쉬 팜스 하비캔디 올더베스트 레몬,사탕
카벤디쉬 팜스 하비캔디 올더베스트 베리믹스,과자/초콜릿/디저트/사탕/젤리/사탕
카스가이 계피사탕봉 일본사탕 수입사탕,사탕
카스가이 계피사탕 니키아메 수입 캔디,사탕
카스가이 계피사탕 니키아메 수입 캔디 232363[3봉],사탕
카스가이 구로아메 흑사탕,사탕
카스가이 니카아메 계피사탕니키아메 계피사탕,과자/초콜릿/디저트/사탕/젤리/사탕
카스가이 니키아메 계피맛 사탕일제사탕 캔디 니키아메,사탕
카스가이 니키아메 계피맛 사탕일제사탕 캔디,사탕
카스가이 땅콩 캔디,과자/초콜릿/디저트/사탕/젤리/사탕
카스가이 땅콩사탕12봉 캔디 간식 수입사탕,과자/초콜릿/디저트/사탕/젤리/사탕
카스가이 땅콩사탕24봉 캔디 간식 수입사탕,과자/초콜릿/디저트/사탕/젤리/사탕
카스가이 라카아메 땅콩맛 사탕입무,과자/초콜릿/디저트/사탕/젤리/사탕
카스가이 라카아메 땅콩사탕,사탕
카스가이 라카아메 땅콩사탕 1BOX / 박스단위판매 / 수입캔디 세계과자,사탕
카스가이 사탕 모음전 팥사탕 흑사탕 소금사탕 커피사탕 레몬사탕 입덧캔디 박하사탕 설탕대신 일본사탕,과자/초콜릿/디저트/사탕/젤리/사탕
카스가이 소금사탕,사탕
카스가이 수박 구미 젤리,젤리
카스가이 시오아메 소금사탕일본 염맛 캔디 여름 등산,사탕
카스가이 시오아메 소금사탕//흑사탕 땅콩사탕 박하,젤리
카스가이 시오아메 캔디,사탕
카스가이 아메 라카아메,과자/초콜릿/디저트/사탕/젤리/사탕
카스가이 우유사탕봉 일본사탕 밀크 수입사탕,과자/초콜릿/디저트/사탕/젤리/사탕
카스가이 제과 챠콜 블랜드 원두 캔디Confectionery charcoal grilled coffee,과자/초콜릿/디저트/사탕/젤리/사탕
카스가이 쯔부구미/ 마이구미 젤리,과자/초콜릿/디저트/사탕/젤리/젤리
카스가이 쯔부구미2종/ 소다향,과자/초콜릿/디저트/사탕/젤리/젤리
카스가이 쯔부구미 소다향젤리빈,과자/초콜릿/디저트/사탕/젤리/젤리
카스가이 캔디 땅콩사탕모음,사탕
카스가이 커피사탕봉 일본사탕 스미야키커피 수입사탕,과자/초콜릿/디저트/사탕/젤리/사탕
카스가이 커피사탕,과자/초콜릿/디저트/사탕/젤리/사탕
카스가이 쿠로아메 흑사탕일본 편의점 옛날 과자 등산 탕비실,사탕
카스가이 쿠로아메 흑사탕대용량사탕 사무실간식 어르신간식 일본사탕 옛날사탕 수입사탕 캔디,사탕
카스가이 플라워키스 꽃사탕/수입사탕,젤리
카스가이 하카아메 박하사탕,사탕
카스가이 흑사탕,과자/초콜릿/디저트/사탕/젤리/사탕
카스가이 흑사탕 일본 수입 캔디 / /시오아메,과자/초콜릿/디저트/사탕/젤리/사탕
카카오프렌즈 민트 무설탕 캔디 네오 허니듀 멜론,사탕
카카오프렌즈 민트 무설탕 캔디 라이언 프레쉬 민트입,사탕
카카오프렌즈 민트 무설탕 캔디 스페이스어드벤처 아이스 민트,과자/초콜릿/디저트/사탕/젤리/사탕
카카오프렌즈 민트 무설탕 캔디 어피치 복숭아,사탕
카카오프렌즈 민트 무설탕 캔디 프로도 딸기,사탕
카카오프렌즈 프렌즈 보틀 수제 캔디 사탕 화이트데이 아이간식 어린이집 유치원 생일 선물 답례품,과자/초콜릿/디저트/사탕/젤리/사탕
칸로 논슈가 커피사탕/ 무설탕 커피 캔디 일본사탕,과자/초콜릿/디저트/사탕/젤리/사탕세트
칸로 프리미엄 골드 밀크 캔디,과자/초콜릿/디저트/사탕/젤리/사탕
칸로 프리미엄 골드 밀크 캔디 말차라떼,과자/초콜릿/디저트/사탕/젤리/사탕
칸로 프리미엄 논슈가 밀크 로젠지스캔디,과자/초콜릿/디저트/사탕/젤리/사탕
칼리바우트 다크 811 초콜릿벨기에산 스윗프라이스,과자/초콜릿/디저트/초콜릿/초콜릿
"칼리바우트 다크 초코칩 청크,베이킹드롭",초콜릿
칼리바우트 다크커버춰 초콜릿54.5% 811 -옵션에서 아이스박스를 구매해 주세요,초콜릿/커버추어
칼리바우트 벨기에 다크 밀크 화이트 초콜릿깔리바우트 소분포장,과자/초콜릿/디저트/초콜릿/초콜릿
칼리바우트 벨기에 다크 밀크 화이트 커버처 초콜릿깔리바우트 소분포장,과자/초콜릿/디저트/초콜릿/초콜릿
칼리바우트 초코칩,과자/초콜릿/디저트/초콜릿/초콜릿
칼리바우트 코팅용 밀크초콜릿 밀크컴파운드,과자/초콜릿/디저트/초콜릿/초콜릿
캐빈디쉬 하비캔디 올더베스트 레몬,과자/초콜릿/디저트/사탕/젤리/사탕
캐빈디쉬앤하비 병캔디 종합과일,과자/초콜릿/디저트/사탕/젤리/사탕
캐빈디쉬앤하비 종합병캔디,과자/초콜릿/디저트/사탕/젤리/사탕
캐빈디쉬앤하비 캐빈디쉬하비 더블프룻 블랙커런트맛 캔디사과맛필링 독일 과일 깡통 사탕 간식,과자/초콜릿/디저트/사탕/젤리/사탕
캐빈디쉬앤하비 캐빈디쉬하비 더블프룻 체리맛 캔디라임맛필링 독일 과일 깡통 사탕 간식,과자/초콜릿/디저트/사탕/젤리/사탕
캐빈디쉬앤하비 캐빈디쉬하비 레몬맛 캔디독일 과일 깡통 사탕 간식,과자/초콜릿/디저트/사탕/젤리/사탕
캐빈디쉬앤하비 캐빈디쉬하비 믹스드 후르티 캔디독일 과일 깡통 사탕 간식,과자/초콜릿/디저트/사탕/젤리/사탕
캐빈디쉬앤하비 캔디 3종 랜덤 체리딸기커피레몬후르츠트로피칼,사탕
캔디마을 x-5 엑스파이브 1곽입,과자/초콜릿/디저트/초콜릿/초콜릿
캔디마을 농심 츄파춥스 리필백 1봉입 막대사탕,과자/초콜릿/디저트/사탕/젤리/사탕
캬라파키 산리오 캐릭터즈 초콜릿/랜덤,초콜릿
커널스 카라멜 솔트 팝콘 L컵,젤리
커클랜드 BASIC PROMOTIONS 미니캔디 케인,과자/초콜릿/디저트/사탕/젤리/사탕
커클랜드 DR.Q 닥터큐 과즙젤리 4종과일맛젤리,과자/초콜릿/디저트/사탕/젤리/젤리
커클랜드 Signature 시그니처 젤리 벨리 49가지맛 젤리빈 64 oz,과자/초콜릿/디저트/사탕/젤리/젤리
커클랜드 갓튀김어포꾸이꾸이 어포튀김 대용량,과자/초콜릿/디저트/사탕/젤리/젤리
커클랜드 건포도 초콜릿,초콜릿
커클랜드 고디바초콜릿명품 고디바 초콜릿선물,/과자/초콜릿/디저트/초콜릿/초콜릿
커클랜드 린트 린도르 초코릿,과자/초콜릿/디저트/초콜릿/초콜릿
커클랜드 미니 캔디 케인크리스마스 대용량 박하 지팡이사탕,과자/초콜릿/디저트/사탕/젤리/사탕
커클랜드 미니 캔디 케인스사탕 캐인스,과자/초콜릿/디저트/사탕/젤리/사탕
커클랜드 볼찌 홀 헤이즐넛 밀크 초콜릿BOLCI,과자/초콜릿/디저트/초콜릿/초콜릿
커클랜드 비카인드 다크초콜릿 너트바 견과류바입,과자/초콜릿/디저트/초콜릿/초콜릿
커클랜드 스틴랜드 해적 동전 초콜릿1,과자/초콜릿/디저트/초콜릿/초콜릿
커클랜드 시그니처 아몬드 밀크 초콜릿 대용량,초콜릿
커클랜드 시그니처 젤리 벨리 젤리빈 49가지 고급 맛 4파운드 64온스,과자/초콜릿/디저트/사탕/젤리/젤리
커클랜드 시그니쳐 블랙퍼스트 블렌드 큐리그용 커피 캡슐입 패키징 리뉴얼,과자/초콜릿/디저트/사탕/젤리/젤리
커클랜드 앙팡 밀크릿 밀크 캔디/밀크 사탕 초유단백분말 칼슘 자일리톨 치커리분말 요거트분말 간식,과자/초콜릿/디저트/사탕/젤리/사탕
커클랜드 오야츠 베이비스타 라면스넥 오리지널,과자/초콜릿/디저트/사탕/젤리/젤리
커클랜드 웨더 버터 크림 캔디,과자/초콜릿/디저트/사탕/젤리/사탕
커클랜드 웨덜스 오리지널 버터캔디 화이트데이 발렌타인데이 식당 사무실 학생 간식 사탕,과자/초콜릿/디저트/사탕/젤리/사탕
커클랜드 크리스마스 파티 밀크초콜릿 코인동전초콜릿 수입초콜릿,과자/초콜릿/디저트/초콜릿/초콜릿
커클랜드 트롤리 미니버거 햄버거 젤리,과자/초콜릿/디저트/사탕/젤리/젤리
커클랜드 트뤼플 프랜치/ 프렌치 프랑스 트러플 생초콜릿,과자/초콜릿/디저트/초콜릿/초콜릿
커클랜드 팝 행거스 크리스마스 트리 장식사탕 선물 어린이집 지팡이사탕 캐릭터 막대기 미니캔디 롤리팝 70,과자/초콜릿/디저트/사탕/젤리/사탕
커클랜드 포켓몬스터 팝핑캔디 스트라이킹 톡톡캔디,과자/초콜릿/디저트/사탕/젤리/사탕
커클랜드 핑크 솔트감자칩 x 감자스낵 W955C10[2봉],
커피월드 캔디,"사탕/90g/34개입/알레르기성분: 대두, 우유/원산지: 인도네시아/표시기준분량: 90g/열량: 320kcal/탄수화물: 80g/당류: 60g"
컬러푸드 맛다시마젤리,과자/초콜릿/디저트/사탕/젤리/사탕
컬러푸드 초초 맛다시마 젤리,젤리
컬러푸드 코코아 매스다크 카카오 초콜릿 OLAMCOCOAB.V,초콜릿
켈로그 GRBK 그래놀라 애플무화과타르트,젤리
켈로그 GRBK 그래놀라 크림브륄레,젤리
켈로그 대용량 시리얼 콘프로스트 첵스초코 아몬드 푸레이크 스페셜k 그랜베리그래놀라 골라담기,초코바
켈로그 시리얼 디스펜서 + 코코팝스,초코바
켈로그 콘푸로스트_MC,과자/초콜릿/디저트/초콜릿/초코바
켈로그 현미 그래놀라 사르르큐브_MC,과자/초콜릿/디저트/초콜릿/초코바
켈슨 크리스마스 럭셔리 웨이퍼 선물세트 크리스마스 럭셔리 웨이퍼5종 선물세트 3세트,과자/초콜릿/디저트/초콜릿/초코바
켈슨 크리스마스 럭셔리 웨이퍼롤 선물세트 4세트 레드+그린,과자/초콜릿/디저트/초콜릿/초콜릿
켈슨 크리스마스 럭셔리 웨이퍼롤 선물세트 6세트 레드+그린,과자/초콜릿/디저트/초콜릿/초콜릿
코스카 오스만디자인 터키쉬딜라이트 믹스넛,과자/초콜릿/디저트/초콜릿/초콜릿
코스카 터키쉬딜라이트 로즈,과자/초콜릿/디저트/사탕/젤리/사탕
코스트코 TROLLI 지구본 젤리,젤리
코스트코 Trolli 트롤리 올인원 젤리7가지맛,젤리
코스트코 다스칼리데스 카라멜 씨솔트 초콜릿 DASKALODES / 벨기에 초콜릿[1세트],초콜릿
코스트코 달달 심플간식 어린이집 생일답례품 과자 선물세트 하리보 투시팝 멘토스 초코크리스피 담라,젤리
코스트코 대만 누가 샌드위치 크래커 입,젤리
코스트코 마즈 몰티져스 밀크 초코볼/초코릿 간식,초콜릿
코스트코 마즈 트윅스 미니스초콜릿 바 twix34124755,사탕
코스트코 마하차녹 망고 젤리망고구미 간식 디저트 MAHACHANOK,젤리
코스트코 메이지 마카다미아 초콜릿 일본초콜릿 일본간식,초콜릿
코스트코 미니페스츄리 20ct,젤리
코스트코 벨라민츠 무설탕 스피어민트 9,사탕
코스트코 볼씨 홀 피스타치오 밀크 n 다크 초콜릿디저트 간식 BOLCI BOLCI,초콜릿
코스트코 웨덜스 오리지날 버터크림캔디사탕 간식,사탕
코스트코 커클랜드 STEENLAND 크리스마스 동전 초콜릿,과자/초콜릿/디저트/초콜릿/초콜릿
코스트코 커클랜드 야채부각믹스 티각태각,과자/초콜릿/디저트/사탕/젤리/젤리
코스트코 커클랜드 워커스 어쏘티드 토피초콜릿 영국 카라멜,과자/초콜릿/디저트/초콜릿/초콜릿
코스트코 토블론 타이니 초콜릿 + 더메이런손소독제,초콜릿
코스트코 트레핀 벨기에 벨기안 커피 캔디 사탕 트래핀 벨기에 커피 캔디 사탕,사탕
코스트코 트윅스 미니스 대용량/Twix minis 초코바,초콜릿
코스트코 팝 행거스,사탕/840g/알레르기성분: 돼지고기/표시기준분량: 12g(1개)/열량: 48kcal/탄수화물: 12g/당류: 11g/단백질: 0g/지방: 0g/포화지방: 0g/트랜스지방: 0g/콜레스테롤: 0mg/나트륨: 0mg
코스트코 펄몰 미니 과일 캔디,사탕/960g/원산지: 독일
코스트코 포켓몬스터팝핑캔디 스트라이킹 톡톡캔디 입,사탕
코스트코 풀무원 두화두유 푸딩디저트 8EA 아이스박스 + 더메이런알콜티슈,젤리
코스트코 한입전병 믹스33864456,선물세트
코스트코 햄릿 스트로베리 틴,"125g/알레르기성분: 대두, 우유/저염/원산지: 벨기에/표시기준분량: 100g/열량: 535kcal/탄수화물: 16%/당류: 44.3g/단백질: 7g/지방: 33.1g/포화지방: 19.8g/트랜스지방: 0.4g/콜레스테롤: 6%/나트륨: 102.5mg"
코스트코 후룻바이더 풋젤리12봉 / 22봉 소분판매 / 48봉 한박스 라이프,젤리
코코아랜드 LOT100 구미어쏘티드젤리,과자/초콜릿/디저트/사탕/젤리/젤리
코코아랜드 LOT100 망고젤리,과자/초콜릿/디저트/사탕/젤리/사탕
코코아랜드 LOT100 망고젤리/종합젤리입,과자/초콜릿/디저트/사탕/젤리/젤리
코쿤 망고 푸딩,과자/초콜릿/디저트/사탕/젤리/젤리
코쿤 망고 푸딩 6컵//쁘티첼/젤리/제리뽀/J,젤리
코쿤 트로피칼 푸딩,사탕
코쿤 트로피칼바/1상자 /아이스크림/M,젤리
코쿤 트로피칼바/1상자 /쭈쭈바/R,젤리
쿠첸마이스터 초콜릿 케익,과자/초콜릿/디저트/사탕/젤리/젤리
쿠키아 오곡 뚜부과자봉 /맛있는 간식 두부과자 쿠키 스낵,과자/초콜릿/디저트/사탕/젤리/젤리
쿠킹스토리 깔리바우트 다크 컴파운드칩스 초코칩,/과자/초콜릿/디저트/초콜릿/초콜릿
쿠킹스토리 데코펜 그린,과자/초콜릿/디저트/초콜릿/초콜릿
쿠킹스토리 데코펜 핑크,과자/초콜릿/디저트/초콜릿/초콜릿
쿠킹스토리 베릴스 딸기향 코인 코팅초콜릿,초콜릿
쿠킹스토리 베릴스 코팅 다크초콜릿,초콜릿
쿠팡 곰곰 스테비아 초콜릿,초콜릿
쿡앤베이크 초콜릿 리얼 커버춰 Aalst3411 다크,초콜릿/커버추어
퀘이커 심플리 그래놀라 GMO 프로젝트 인증 상자에90 인분,과자/초콜릿/디저트/초콜릿/초콜릿
크라운제과 5400비단박하입,사탕
크라운제과 과자마켓 1500 마이쮸 봉지딸기,사탕
크라운제과 과자마켓 1500 마이쮸 봉지복숭아,사탕
크라운제과 과자마켓 2000 비단박하사탕,사탕
크라운제과 꽃게랑세트 총 9봉 / 일반 3봉 + 불짬뽕 3봉 + 와사비 3봉,
크라운제과 내맘몰랑쏘옥 젤리 청사과맛,젤리
크라운제과 땅콩카라멜,사탕
크라운제과 마이쮸4종 포도/사과/딸기/복숭아 x2세트 총8봉/ 마이쥬 젤리 간식,젤리
크라운제과 마이쮸사과+포도+복숭아+딸기 각5봉 20봉 대용량,카라멜
크라운제과 마이쮸 대용량 요거트 오렌지4봉 마이쭈,카라멜
크라운제과 마이쮸 딸기젤리 사탕,사탕
크라운제과 마이쮸 딸기 복숭아 _MC,"껌,엿"
크라운제과 마이쮸 딸기 츄잉캔디,사탕
크라운제과 마이쮸 딸기+복숭아,사탕
크라운제과 마이쮸 딸기+포도 혼합[2봉],젤리
크라운제과 마이쮸 딸기복숭아 + 포도사과 + 요거트오렌지 대용량[3봉],카라멜
크라운제과 마이쮸 딸기복숭아+포도사과,젤리
크라운제과 마이쮸 딸기복숭아+포도사과+요거트오렌지3종씩,사탕
크라운제과 마이쮸 사과 포도 복숭아 딸기 캐러멜 캔디,사탕
크라운제과 마이쮸 스틱입 2종 / 애플망고 캔털루프멜론,사탕
크라운제과 마이쮸 스틱 모음-입,카라멜
크라운제과 마이쮸 스틱 애플망고 츄잉캔디 간식,카라멜
크라운제과 마이쮸 스틱 총 입 2종 / 애플망고 캔털루프멜론,사탕
크라운제과 마이쮸 스틱 캔털루프 멜론총입입,카라멜
크라운제과 마이쮸 스틱 캔털루프멜론+애플망고x각총,사탕
크라운제과 마이쮸 애플망고1통,사탕
크라운제과 마이쮸 애플망고+ 캔털루프멜론,카라멜
크라운제과 마이쮸 애플망고 _MC,"껌,엿"
크라운제과 마이쮸 애플망고 스틱,카라멜
크라운제과 마이쮸 요거트 오렌지 딸기복숭아 포도사과 맛봉지 최신제조,카라멜
크라운제과 마이쮸 쫄깃한 딸기+포도맛 사무실간식용,사탕
크라운제과 마이쮸 캔털루프 멜론츄잉,젤리
크라운제과 마이쮸 캔털루프 멜론 스틱,젤리
크라운제과 마이쮸 포도+ 사과+ 딸기+ 복숭아1세트,사탕
크라운제과 마이쮸 포도젤리 사탕,사탕
크라운제과 마이쮸 포도사과 + 요거트오렌지,과자/초콜릿/디저트/사탕/젤리/사탕
크라운제과 마이쮸 필로우 혼합 딸기복숭아5 + 포도사과5,사탕
크라운제과 마이쮸 핑크리치,사탕
크라운제과 마이쮸 핑크리치 리치맛 캔디 사탕 아이들간식,사탕
크라운제과 마이쮸딸기 스틱 x120 주말만,젤리
크라운제과 마이쮸포도 스틱 x15,젤리
크라운제과 메가마트 마이쮸 자이리톨 포도,카라멜
크라운제과 메가마트 비단박하 사탕,사탕
크라운제과 밀가루 없는 과자 세트 / 4종 총 8봉 콘칩 2봉 + 메이플콘 2봉 + 콘초 2봉 + 콘치 2봉,
크라운제과 박하 사탕 비단캔디 간식 후식 봉지,사탕
크라운제과 박하 사탕 비단 소 필로우 캔디 간식 거리 봉지,사탕
크라운제과 박하 사탕 비타민 비단캔디 간식 스낵,사탕
크라운제과 밤+팥 연양갱번들무/배/밤양갱15+팥양갱15/비비/어른간식/부모님양갱,젤리
크라운제과 밤+팥 연양갱 번들 /밤양갱5+팥양갱5/ 번들/어른간식/부모님양갱,선물세트
크라운제과 밤양갱10봉달콤한 간식,젤리
크라운제과 밤양갱5봉달콤한 간식,선물세트
크라운제과 밤양갱-4통,젤리
크라운제과 밤양갱 팥양갱3봉 까까팩토리봉 연양갱,젤리
크라운제과 비단 대용량사탕 박하 민트 캔디개별포장,사탕
크라운제과 비단 박하캔디 후식사탕 대용량[4봉],사탕
크라운제과 비단박하,초콜릿
크라운제과 비단박하 캔디대용량 박하사탕,사탕
크라운제과 비단박하 캔디/오리지널 캔디,사탕
크라운제과 비단박하캔디,사탕
크라운제과 비타민 비단박하2봉,사탕
크라운제과 빅파이 딸기 대용량 W56EAB7,
크라운제과 사무실 회사 탕비실 간식 과자 세트 2-03,젤리
크라운제과 새콤달콤 3종입 포도맛15 + 복숭아맛15 + 딸기맛15 1세트,사탕
크라운제과 새콤달콤 딸기,사탕
크라운제과 새콤달콤 딸기레모네이드 츄잉캔디,선물세트
크라운제과 새콤달콤 레모네이드+마이쮸 사과,카라멜
크라운제과 새콤달콤 스틱 복숭아맛 유치원 간식,카라멜
크라운제과 새콤달콤 포도+마이쮸 사과,카라멜
크라운제과 새콤달콤 포도+레모네이드+딸기+복숭아+블루베리소다,카라멜
크라운제과 속깊은 맘쿠키입,초콜릿
크라운제과 스윗데이 간식 10종 세트,젤리
크라운제과 스페인 정통스낵 츄러스,젤리
크라운제과 어린이날 과자세트 / 간식세트 과자세트 간식꾸러미,
크라운제과 연양갱 밤양갱+팥양갱/총,젤리
크라운제과 연양갱 밤양갱+팥양갱/4봉 총,젤리
크라운제과 제과 키커바 시리얼 현미1BOX,초콜릿
크라운제과 젤리 새콤달콤 블루베리소다/사탕,사탕
크라운제과 추억의 봉지과자 세트 / 4종 총 8봉 쟈키쟈키 2봉 + 베이컨칩 2봉 + 야채타임 2봉 + 신짱 2봉,
크라운제과 쿠크다스 화이트,젤리
크라운제과 크라운 키커바2종 혼합 총초코+ 녹차,초콜릿
크라운제과 키커 초코바,초콜릿
크라운제과 키커바 녹차입,초콜릿
크라운제과 키커바 녹차 스니커즈,초콜릿
크라운제과 키커바 맛있는 미니 간식용 초코바 초콜릿개별포장,초콜릿
크라운제과 키커바 초코입,초콜릿
크래프트 제트-퍼프드 마시맬로우,과자/초콜릿/디저트/사탕/젤리/사탕
크레용신짱 마이스탠드 젤리빈입 /짱구스탠드/짱구마이스탠드,과자/초콜릿/디저트/사탕/젤리/젤리
키즈웰 베리베리 젤리약입,과자/초콜릿/디저트/사탕/젤리/젤리
키즈웰 베리베리향 젤리 과일젤리,젤리
키즈웰 베리베리향젤리 약,젤리
키즈웰 스페쇼우 젤리스트로우입,과자/초콜릿/디저트/사탕/젤리/젤리
키즈웰 젤리스트로우-,젤리
키즈웰 젤리스트로우 딸기/망고/포도 복숭아 젤리스트로우 약 입,젤리
키즈웰 젤리스트로우 요구르트맛 젤리입,과자/초콜릿/디저트/사탕/젤리/젤리
키즈웰 천연과즙 젤리스트로우2 미니간식 대용량 젤리 과자,과자/초콜릿/디저트/사탕/젤리/젤리
킨조 과일맛 젤리 5가지맛 믹스,젤리
타야스 과일젤리 담라 미니 캔디약입 /미니얌,과자/초콜릿/디저트/사탕/젤리/사탕
타야스 담라 사워 소프트캔디 사탕,사탕
타야스 담라 소프트캔디,과자/초콜릿/디저트/사탕/젤리/사탕
타야스 담라 어소티드 소프트 캔디,"사탕/2kg/알레르기성분: 대두, 복숭아/무염/원산지: 터키/구성: 사과맛, 복숭아맛, 라즈베리맛/표시기준분량: 10g/열량: 41kcal/탄수화물: 8.6g/당류: 7g/단백질: 0.12g/지방: 0.64g/포화지방: 0.63g/트랜스지방: 0g/콜레스테롤: 0mg/나트륨: 0mg"
타야스 담라 커피 소프트캔디대용량,과자/초콜릿/디저트/사탕/젤리/카라멜
타야스 담라 트로피컬 츄이캔디,사탕
타야스 맛있는과자 미니 캔디약입 카라멜/마이쮸,과자/초콜릿/디저트/사탕/젤리/카라멜
타야스 매직 아몬드향 수입 초콜릿,과자/초콜릿/디저트/초콜릿/초콜릿
타야스 매직 헤이즐넛향 수입 초콜릿,과자/초콜릿/디저트/초콜릿/초콜릿
타야스 세이버리 밀크 카라멜향 캔디 /코피코/투시팝/츄파춥스/킨더/스키틀즈,사탕
타야스 오리엔트 초콜릿,초콜릿/1kg/표시기준분량: 100g/열량: 528kal/탄수화물: 61g/당류: 56g/단백질: 3g/지방: 30g/포화지방: 27g/트랜스지방: 0g/콜레스테롤: 30mg/나트륨: 140mg
타야스 오리엔트 트러플 스페셜 초콜릿 대용량 학교 어린이집 사무실 간식오리엔트 트러플 스페셜 초콜릿,과자/초콜릿/디저트/초콜릿/초콜릿
타야스 오리엔트 트리플 초콜릿약입,과자/초콜릿/디저트/초콜릿/초콜릿
타야스 제스 초콜릿 2통통 대용량밀크다크화이트,초콜릿
타야스 지미 레인보우 샤우어 벨트 젤리/마이구미/새콤달콤/웰치스/하리보/트롤리/마이쮸/담라,과자/초콜릿/디저트/사탕/젤리/젤리
타야스 지미 레인보우 샤우어 벨트 젤리/트롤리/하리보/마이구미/새콤달콤/말랑카우/홍삼,과자/초콜릿/디저트/사탕/젤리/젤리
타야스 지미 레인보우 샤우어 벨트 젤리/웰치스/종합젤리/담라/웰치스/망고/오키오/하리보,과자/초콜릿/디저트/사탕/젤리/젤리
타야스 초코그란데 초콜릿,초콜릿
타이타우 익스클루시브 다크초콜릿,과자/초콜릿/디저트/초콜릿/초콜릿
타이타우 익스클루시브 다크초콜릿 90% 99% 초콜렛 카카오 간식,초콜릿
타타와 초콜릿맛 쿠키,과자/초콜릿/디저트/사탕/젤리/젤리
타타와 티라미슈맛 쿠키,과자/초콜릿/디저트/사탕/젤리/젤리
탑프루트 베트남 망고젤리 탑젤리,젤리/150g/무지방/원산지: 중국/표시기준분량: 100g/열량: 364kcal/탄수화물: 91g/당류: 54g/단백질: 0g/지방: 0g/포화지방: 0g/트랜스지방: 0g/콜레스테롤: 0mg/나트륨: 190mg
탑플룻 젤리망고맛,젤리
테라브레스 드라이 마우스 로렌지 캔디 타르트 베리맛 구강 건조 로렌지 사탕,과자/초콜릿/디저트/사탕/젤리/젤리
테라브레스 테라브레스 프레쉬 브레스 시트러스 민트향 츄잉 껌 캔디 직구 x,과자/초콜릿/디저트/사탕/젤리/껌/엿
투데이 하피 하트파티 버거구미 입,젤리
투시 미니 팝 캔디입 /츄파춥스/후르트텔라/담라/하리보/마이쮸,과자/초콜릿/디저트/사탕/젤리/사탕
투시 미니 팝 캔디 입 /츄파춥스/리콜라/스카치/담라/하리보/마이쮸,사탕
투시 참스볼 캔디2 과일맛 참스 캔디 캔 사탕 간식 과자,과자/초콜릿/디저트/사탕/젤리/사탕
투시롤 캔디,과자/초콜릿/디저트/사탕/젤리/사탕
트라이던트 계피껌 A-0963,과자/초콜릿/디저트/사탕/젤리/껌/엿
트라이던트 무설탕 껌 자일리톨 스트로베리 딸기맛 라임 Trident,껌
트라이던트 무설탕 자일리톨 껌 스피아민트입입,껌
트라이던트 시나몬껌 계피향 무설탕껌 자일리톨입 대용량 Trident,껌
트라이던트 후르츠 버라이어티 무설탕껌,껌
트레이더조 벨기에산 다크 초콜릿바,과자/초콜릿/디저트/초콜릿/초콜릿
트레이더조 프레첼 다크 초콜릿 커버 미니 프레즐 X TRADER JOES A HANDFUL OF TINY CHOCOLATE..[1],초콜릿
트레핀 벨기안 커피맛 스위트 캔디,사탕
트레핀 벨기안 하트민트 캔디,사탕
트레핀 벨기에 민트 캔디,과자/초콜릿/디저트/사탕/젤리/사탕
트레핀 카피나 커피맛 스위트 캔디대용량 벨기에 커피사탕 간식 과자,사탕
트롤리 Trolli 지구젤리/수입젤리,과자/초콜릿/디저트/사탕/젤리/젤리
트롤리 Trolli 지구젤리/유튜브 수입젤리,과자/초콜릿/디저트/사탕/젤리/젤리
트롤리 Trolli 지구젤리/코스트코 젤리,젤리
트롤리 미니 버거 대용량 간식 젤리 햄버거모양 과일맛 50봉,과자/초콜릿/디저트/사탕/젤리/젤리
트롤리 미니버거 모양젤리,과자/초콜릿/디저트/사탕/젤리/젤리
트롤리 미니버거 모양젤리+캔디세트 코스트코 대용량 단품,젤리
트롤리 빅버거버거모양젤리 XXL,과자/초콜릿/디저트/사탕/젤리/젤리
트롤리 사우어 구미 캔디10 젤리 간식 과자,젤리
트롤리 사우어구미젤리웜젤리 꿈틀이젤리 간식,젤리
"트롤리 사우어글로웜즈,,",과자/초콜릿/디저트/사탕/젤리/젤리
트롤리 상어모양 젤리,젤리
트롤리 스파게티니 사우어 딸기맛,과자/초콜릿/디저트/사탕/젤리/사탕
트롤리 스파게티니 사우어 딸기맛 한박스,젤리
트롤리 워터멜론 수박맛 젤리 x5봉,과자/초콜릿/디저트/사탕/젤리/사탕
트롤리 젤리 x 피치링스 미니버거 트로픽오스 캐터필러 키스스트로우베리 다이노렉스 스파게티,젤리
트롤리 젤리 스퀴글 트위스트 햄버거 젤리 상어젤리 지렁이젤리 다이노렉스,과자/초콜릿/디저트/사탕/젤리/젤리
트롤리 지구젤리지구본 젤리 코스트코,과자/초콜릿/디저트/사탕/젤리/젤리
트롤리 지구젤리지구본 젤리 학원 학교 유치원 간식 코스트코,젤리
트롤리 지구젤리입 / 스페인 수입과자 베리 딸기젤리 구미젤리 과일 과자 어린이 간식 추천,과자/초콜릿/디저트/초콜릿/초코바
트롤리 지구젤리포함 크리스마스젤리선물세트,과자/초콜릿/디저트/사탕/젤리/사탕
트릭시 고 팝 플랫 롤리팝,과자/초콜릿/디저트/사탕/젤리/사탕
트릭시 고팝막대사탕대용량 아이간식 여행간식 사무실 유치원 어린이집,사탕
트릭시 고팝 사탕 대용량,과자/초콜릿/디저트/초콜릿/초콜릿
트릭시 고팝플랫 롤리팝 /,사탕
트릭시 고팝플랫 롤리팝/,과자/초콜릿/디저트/사탕/젤리/사탕
트릭시 고팝플랫 롤리팝/1BOX,과자/초콜릿/디저트/사탕/젤리/사탕
트릭시 롤리팝,사탕
티포 오성물산 버터 쿠키/과자 스낵 간식 글래진,과자/초콜릿/디저트/사탕/젤리/젤리
파제르 다크 초콜릿,과자/초콜릿/디저트/초콜릿/초콜릿
파제르 밀크 초콜릿,과자/초콜릿/디저트/초콜릿/초콜릿
파제르 블루베리 트뤼플 초콜릿,과자/초콜릿/디저트/초콜릿/초콜릿
파제르 질리맥스 멘톨민트,사탕
파제르 질리맥스 페퍼민트,사탕
파제르 질리맥스 후레쉬 레몬민트,사탕
팍팜 두바이 초콜릿 만들기 수제 카다이프 키트,"DIY초콜릿/구성: 카다이프 반죽 + 카다이프 만들기 용기 + 초콜릿 300g + 피스타치오 스프레드 220g + 초코펜(옐로우,그린,핑크,화이트 랜덤 발송 1종) + 카다이프 만들기 팍팜 시크릿 레시피"
팍팜 두바이 초콜릿 만들기 키트,"DIY초콜릿/구성: 카다이프 500g + 초콜릿 300g + 피스타치오 스프레드 220g + 초코펜(옐로우,그린,핑크,화이트 랜덤 발송 1종)"
팔도 몰랑젤리 2봉지 총+몰랑이 키링증정,젤리
팔도 비빔면컵 x 학교간식/탕비실/대용량,젤리
팔도 뽀로로 워터젤리 복숭아,과자/초콜릿/디저트/사탕/젤리/젤리
팔도 뿌요소다 젤리,과자/초콜릿/디저트/사탕/젤리/젤리
퍼니엠 다신샵 가벼운 곤약팝콘 3종핫앤스위트+숯불바베큐+콘스프 NO밀가루 93kcal 식단간식 영화관스낵,과자/초콜릿/디저트/사탕/젤리/젤리
퍼니엠 다신샵 통밀당 단백칩 스틱 귀리,젤리
퍼니엠 다신샵 통밀당 단백칩 스틱 귀리/ 오븐에 구운 프로틴스낵 단백질과자,과자/초콜릿/디저트/사탕/젤리/젤리
퍼페티반멜레 멘토스 2in1피치소다10+그레이프소다10,사탕
퍼페티반멜레 멘토스 2in1 피치소다향,젤리
퍼페티반멜레 멘토스 Mento Gum Mentos 비타민 시트러스 함유3.0온스,사탕
퍼페티반멜레 멘토스 Mentos 비타민 무설탕 하드 민트쿨 프루티 믹스팩,과자/초콜릿/디저트/초콜릿/초콜릿
퍼페티반멜레 멘토스 대용량 푸르티 츄잉캔디,사탕
퍼페티반멜레 멘토스 미니 어쏘티드 벌크,과자/초콜릿/디저트/사탕/젤리/사탕
퍼페티반멜레 멘토스 미니 푸르티 츄잉캔디,사탕
퍼페티반멜레 멘토스 미니 프루티+ 뉴레인보우,사탕
퍼페티반멜레 멘토스 미니 프루티,사탕
퍼페티반멜레 멘토스 미니 후르츠/ 과일맛 캔디 / 코스트코,사탕
퍼페티반멜레 멘토스 믹스그레이프[],사탕
퍼페티반멜레 멘토스 바틀 번들 3종 민트 요구르트 사워믹스[],사탕세트
퍼페티반멜레 멘토스 비타민 자일리톨 껌 시트러스 맛,껌
퍼페티반멜레 멘토스 비타민 자일리톨 시트러스 껌 무설탕 45피스 4통,껌
퍼페티반멜레 멘토스 사워 파인애플낱개 수입캔디 사탕,사탕
퍼페티반멜레 멘토스 사워 파인애플 x 수입캔디 사탕,사탕
퍼페티반멜레 멘토스 캔디 민트 츄이 츄잉 롤 시나몬 파티그린애플입입,과자/초콜릿/디저트/사탕/젤리/사탕
퍼페티반멜레 멘토스 클린 브레스 하드 민트 인텐스 윈터그린팩,과자/초콜릿/디저트/사탕/젤리/껌/엿
퍼페티반멜레 멘토스 퓨어 프레시 자이리톨 껌 프레시 민트,껌
퍼페티반멜레 멘토스 퓨어 프레시 자일리톨 껌 윈터그린,껌
퍼페티반멜레 멘토스 후르트민트그레이프+피치,과자/초콜릿/디저트/사탕/젤리/사탕
퍼페티반멜레 멘토스 후르트민트 그레이프입,과자/초콜릿/디저트/사탕/젤리/사탕세트
퍼페티반멜레 멘토스 후르트민트 그레이프 상큼캔디,과자/초콜릿/디저트/초콜릿/초콜릿
퍼페티반멜레 멘토스 후르트민트 피치,과자/초콜릿/디저트/사탕/젤리/사탕
퍼페티반멜레 츄파춥스 XXL 트리오입 Chupa Chups XXL Trio,사탕
퍼페티반멜레 츄파춥스 꽃다발 부케 선물세트 사탕꽃다발 입학식 화이트데이 페레로로쉐 키세스,과자/초콜릿/디저트/사탕/젤리/사탕
퍼페티반멜레 츄파춥스 꽃다발 페레로로쉐 5구 3구 ABC초콜릿 세트,사탕
퍼페티반멜레 츄파춥스 농심 사워벨트 1M/젤리/사탕/간식,젤리
퍼페티반멜레 츄파춥스 리필백 대용량 막대사탕,과자/초콜릿/디저트/사탕/젤리/사탕
퍼페티반멜레 츄파춥스 리필팩단품,과자/초콜릿/디저트/사탕/젤리/사탕
퍼페티반멜레 츄파춥스 막대사탕입 리필백 롤리팝,사탕
퍼페티반멜레 츄파춥스 막대사탕2통 농심 오리지널입,사탕
퍼페티반멜레 츄파춥스 막대사탕 대용량코피코_MC,젤리
퍼페티반멜레 츄파춥스 막대사탕 미니 100p,사탕
퍼페티반멜레 츄파춥스 멜로디캔디피리캔디 캠핑 여행 학교 소풍 초등학교 학원 교회 유치원,과자/초콜릿/디저트/사탕/젤리/사탕
퍼페티반멜레 츄파춥스 미니메가,사탕
퍼페티반멜레 츄파춥스 미니튜브입 1+1,과자/초콜릿/디저트/사탕/젤리/사탕
퍼페티반멜레 츄파춥스 버블 막대사탕 48p,과자/초콜릿/디저트/사탕/젤리/사탕
퍼페티반멜레 츄파춥스 부케 + 사워게코[6봉],사탕
퍼페티반멜레 츄파춥스 사워바이츠6봉 1세트 캠핑필수품 홈캉스 캠핑간식 어린이간식 사무실간식 과즙,사탕
퍼페티반멜레 츄파춥스 사워바이츠,젤리
퍼페티반멜레 츄파춥스 사워벨트 12cm캔디 젤리 과자 간식 편의점 문방구,젤리
퍼페티반멜레 츄파춥스 사워벨트 1미터,젤리
퍼페티반멜레 츄파춥스 사워크롤러10봉지 과일맛 새콤달콤 어린이 간식 젤리,과자/초콜릿/디저트/사탕/젤리/젤리
퍼페티반멜레 츄파춥스 사워크롤러 츄잉젤리,젤리
퍼페티반멜레 츄파춥스 슬림휠 입,사탕
퍼페티반멜레 츄파춥스 오션믹스 젤리 /사워바이츠/크롤러[30봉],초콜릿
퍼페티반멜레 츄파춥스 오션믹스 젤리,젤리
퍼페티반멜레 츄파춥스 오션믹스 젤리[20봉],초콜릿
퍼페티반멜레 츄파춥스 크리미10_MC,선물세트
퍼페티반멜레 츄파춥스 팝아트틴입,과자/초콜릿/디저트/사탕/젤리/사탕
퍼페티반멜레 츄파춥스 팝아트틴1세트,사탕
퍼페티반멜레 츄파춥스 피리사탕입,과자/초콜릿/디저트/사탕/젤리/사탕
퍼페티반멜레 츄파춥스 피즈캔디,과자/초콜릿/디저트/사탕/젤리/사탕
퍼페티반멜레 츄파춥스 화이트데이 특별 기획팩 슬리퍼참 4종 증정,과자/초콜릿/디저트/사탕/젤리/사탕
펀플러스 초콜릿DIY 포장재료 도일리3구봉투 17장,과자/초콜릿/디저트/초콜릿/초콜릿
펀플러스 초콜릿DIY 포장재료 투명1구봉투 30장,과자/초콜릿/디저트/초콜릿/초콜릿
페레로 1+1 로쉐 초콜릿 선물용입,초콜릿
페레로 2023 킨더 믹스 3D 하우스 어드벤트 캘린더,"초콜릿/234g/구성: 킨더 서프라이즈 x 2, 킨더 미니 에그 헤이즐넛 x 6, 킨더 초콜릿 x 8, 킨더 피규어초콜릿 x 2, 킨더 초코봉봉 x 6"
페레로Ferrero 포켓커피입 총입,과자/초콜릿/디저트/초콜릿/초콜릿
페레로 누텔라2통 단품,과자/초콜릿/디저트/초콜릿/초콜릿
페레로 라파엘로 초콜릿 스낵팜 스낵팜,초콜릿
페레로 로쉐 3T발렌타인데이 수능 선물 초콜릿 초콜렛 초코볼 과자,과자/초콜릿/디저트/초콜릿/초콜릿
페레로 로쉐 3T 1케이스 이탈리아 초콜릿,초콜릿
페레로 로쉐 T-16 벨 총입,과자/초콜릿/디저트/초콜릿/초콜릿
페레로 로쉐 T-24 다이아몬드총입,과자/초콜릿/디저트/초콜릿/초콜릿
페레로 로쉐 T-24 다이아몬드 총입,과자/초콜릿/디저트/초콜릿/초콜릿
페레로 로쉐 T-24 콜렉션총입,과자/초콜릿/디저트/초콜릿/초코바
페레로 로쉐 T-8 하트총입,과자/초콜릿/디저트/초콜릿/초콜릿
페레로 로쉐 T28 콘+쇼핑백/선물/초콜릿/초콜렛,과자/초콜릿/디저트/초콜릿/초콜릿
페레로 로쉐 T,과자/초콜릿/디저트/초콜릿/초콜릿
페레로 로쉐 밀크 초콜릿 바,초콜릿
페레로 로쉐 오리진스입 쇼핑백,과자/초콜릿/디저트/초콜릿/초코바
페레로 로쉐 초콜릿 T-5 12봉 총입,과자/초콜릿/디저트/초콜릿/초콜릿
페레로 매일 누텔라[3통],초콜릿
페레로 매일 로쉐 콜렉션 9T,과자/초콜릿/디저트/초콜릿/초콜릿
페레로 몬체리 Ferrero Rocher MON CHERI독일 2통,과자/초콜릿/디저트/사탕/젤리/젤리
페레로 킨더 초콜릿 트롱키입,과자/초콜릿/디저트/초콜릿/초콜릿
페레로 킨더 초콜릿 트롱키 5T총입,과자/초콜릿/디저트/초콜릿/초콜릿
페레로 킨더 컨츄리 초콜릿바,과자/초콜릿/디저트/초콜릿/초콜릿
페레로 킨더 트롱키총입,초콜릿
페레로 킨더조이 T3총여아용/남아용/초콜릿,과자/초콜릿/디저트/초콜릿/초콜릿
페레로 킨더조이 블루 T,초콜릿
페레로 포켓 커피초콜릿 18p,과자/초콜릿/디저트/초콜릿/초콜릿
페레로 포켓커피입세트,초콜릿
페레로 포켓커피입,과자/초콜릿/디저트/초콜릿/초콜릿
포지타노 레몬 캔디,사탕
포지타노 레몬 캔디 카스텔리모 이탈리아 레몬사탕,사탕
포지타노 레몬사탕 지 임산부 입덧캔디[2봉],사탕
포지타노 레몬캔디,사탕/125g/무지방/원산지: 이탈리아/표시기준분량: 100g/열량: 376kcal/탄수화물: 94g/당류: 66g/단백질: 0g/지방: 0g/포화지방: 0g/트랜스지방: 0g/콜레스테롤: 0g/나트륨: 0g
포지타노 카스텔리모 레몬 캔디+ 오렌지 캔디,사탕
포켓몬스터 우산 별사탕 포켓몬 스티커 띠부띠부씰,과자/초콜릿/디저트/사탕/젤리/사탕
포켓몬스터 캐치볼 매직빈즈 달콤젤리빈 오뚝이장난감세트,과자/초콜릿/디저트/초콜릿/초콜릿
포트넘앤메이슨 28 피스 나폴리탄 초콜릿 초콜렛 초코 Fortnum mason 28 Piece Assorted Napoli,초콜릿
포포아이스맛,과자/초콜릿/디저트/사탕/젤리/젤리
포포 포도맛30봉포도 젤리 캔디 사탕 캠핑 여행 학교 학원 유치원 간식 군것질,젤리
포포 포도맛한통 젤리 미니벨 초콜릿 초코렛 달고나 아폴로 옛날과자 불량식품,과자/초콜릿/디저트/사탕/젤리/사탕
포포 포도맛 포도 젤리 캔디 사탕 캠핑 여행 학교 소풍 초등학교 학원 교회 유치원 간식 군것질 문방구 매점,젤리
폴메이드 늘푸른 늘푸른 누룽지향캔디[],사탕
폴메이드 늘푸른 유가/우유맛사탕/캬라멜/카라멜/대용량,과자/초콜릿/디저트/사탕/젤리/사탕
폴메이드 늘푸른 유가/우유맛사탕/캬라멜/카라멜/대용량/말랑카우/담라,과자/초콜릿/디저트/사탕/젤리/사탕
폴메이드 늘푸른 추억의 마블사탕 x/알사탕/옛날사탕,사탕
폴메이드 늘푸른 카푸치노맛캔디/커피캔디/커피사탕,과자/초콜릿/디저트/사탕/젤리/사탕
폴메이드 늘푸른 호박엿/대용량/어른간식/호박캔디/호박사탕/담라,과자/초콜릿/디저트/사탕/젤리/사탕
폴메이드 늘푸른 홍삼캔디 x/인삼캔디/홍삼사탕/어르신,사탕
폴메이드 늘푸른 흑사탕/흑설탕/구로아메/진한맛 사탕,과자/초콜릿/디저트/사탕/젤리/사탕
푸드공작소 2/6 화 오전9시까지 결제 시 명절 전 배송천안 호두과자 적앙금 팥상자포장,과자/초콜릿/디저트/사탕/젤리/젤리
푸드킹 달콤하고 고소한 바베큐맛스낵+ 라멘뽀식이총,과자/초콜릿/디저트/사탕/젤리/젤리
푸르젠 고소한 추억의 팝콘 강냉이4봉 / 대용량 33391011,과자/초콜릿/디저트/사탕/젤리/사탕
푸르젠 추억의 7080 팝핀전병,과자/초콜릿/디저트/사탕/젤리/사탕
풍림푸드 스위디 초콜릿푸딩,푸딩/90g
풍림푸드 캐러멜 커스터드 푸딩,푸딩
퓨라토스 코팅 초콜릿다크 아이스박스포함 빼빼로데이 빼빼로만들기 빼빼로재료 할로윈데이,과자/초콜릿/디저트/초콜릿/초콜릿
퓨라토스 코팅 초콜릿 7종 아이스박스포함 빼빼로데이 빼빼로만들기 빼빼로재료 할로윈데이 블루베리향,과자/초콜릿/디저트/초콜릿/초콜릿
프로엠뽀로로 유기농 까까 단호박 떡뻥세트,과자/초콜릿/디저트/사탕/젤리/젤리
프로폴리스 레몬 마누카 허니 로젠지 캔디,사탕
플라하반 아이리쉬 포리지 오트밀 시리얼,과자/초콜릿/디저트/초콜릿/초코바
플립즈 밀크초콜릿 프레첼,과자/초콜릿/디저트/사탕/젤리/젤리
피니 독일 낙타 볼스 버블껌 풍선껌 츄잉껌 입,껌
피니 매직 카펫 젤리/하리보/마이구미/웰치스/담라/헬로키티/오리엔트/트롤리/마이쭈,과자/초콜릿/디저트/사탕/젤리/젤리
피니 부스터 비츠 사우어 젤리,젤리
피니 부스터 비츠 사우어 캔디봉 수입 젤리빈,과자/초콜릿/디저트/사탕/젤리/사탕
피니 부스터 비츠 프루츠향 젤리,과자/초콜릿/디저트/사탕/젤리/젤리
피니 부스터 비츠 프루츠향 캔디수입 젤리빈,과자/초콜릿/디저트/사탕/젤리/젤리
피니 젤리빈,과자/초콜릿/디저트/사탕/젤리/젤리
피니 피지 웜 젤리 지렁이 모양 수입 젤리 간식,젤리
핑크퐁 아기상어 자일리100 자일리톨7봉,과자/초콜릿/디저트/사탕/젤리/껌/엿
핑크퐁 아기상어 자일리100 핀란드100% 자일리톨5봉,과자/초콜릿/디저트/사탕/젤리/껌/엿
핑크퐁 아기상어 자일리톨,과자/초콜릿/디저트/사탕/젤리/사탕
핑크퐁 아기상어 자일리톨100 핀란드100% 자일리톨3봉,과자/초콜릿/디저트/사탕/젤리/사탕
하늘처럼 최고심 갓생초코바 미니초코바 자유시간 선물용,초코바
하리보 Chamallows 차말로우스 소프트 키스초코마시멜로우 바삭 초콜릿 저지방 아이들 간식 독일,초콜릿
하리보 골드바렌60 삼경FS 곰돌이 젤리 간식 과자,과자/초콜릿/디저트/사탕/젤리/젤리
하리보 골드베렌 미니 젤리,과자/초콜릿/디저트/사탕/젤리/젤리
하리보 골드베렌 믹스,젤리
하리보 골드베렌 사우어,과자/초콜릿/디저트/사탕/젤리/젤리
하리보 골드베렌 젤리곰젤리 간식,과자/초콜릿/디저트/사탕/젤리/젤리
하리보 골드베렌 젤리,과자/초콜릿/디저트/사탕/젤리/젤리
하리보 골드베렌젤리,젤리
하리보 골드베어 사우어 젤리 젤리,젤리
하리보 골드베어 사우어젤리,과자/초콜릿/디저트/사탕/젤리/젤리
하리보 그레이프 프루트어린이간식 젤리추천 탕비실간식,젤리
하리보 그레이프 프르트,사탕
하리보 마이애미 신맛 사우어 과일젤리입30x68cm 10장,젤리
하리보 메가파티,과자/초콜릿/디저트/사탕/젤리/젤리
하리보 메가파티 미니,젤리
하리보 메가파티 젤리코스트코 대용량 곰젤리 간식,젤리
하리보 미니스 어쏘티드 대용량 젤리 통입,과자/초콜릿/디저트/초콜릿/초콜릿
하리보 믹스 사우어 젤리어린이집 간식,젤리
하리보 믹스 사우어 젤리 구미젤리 간식,젤리
하리보 샤말로우 루비노,과자/초콜릿/디저트/사탕/젤리/젤리
하리보 샤말로우 핑크앤화이트,과자/초콜릿/디저트/사탕/젤리/젤리
하리보 샤말로우파티,과자/초콜릿/디저트/사탕/젤리/젤리
하리보 샤멜로우 소프트키스 초코 마시멜로 입 페스타,젤리
하리보 스타믹스 대용량젤리,젤리
하리보 스타믹스 젤리,젤리
하리보 어드벤트 캘린더 2023 HARIBO 젤리 캔디 크리스마스 선물,과자/초콜릿/디저트/사탕/젤리/젤리
하리보 언제나 세트 + 참세트 포함,젤리
하리보 젤리 골드베렌 사우어 대용량 간식 30봉 개별포장,젤리
하리보 젤리x랜덤 골드베렌 /스타믹스/해피그레이프/자몽/웜즈/해피콜라 외,젤리
하리보 초코 마시멜로쉐어사이즈,초콜릿
하리보 카멜레온,젤리
하리보 크리스마스 젤리성탄 선물 아이들간식,과자/초콜릿/디저트/사탕/젤리/젤리
하리보 크리스마스 파티 곰젤리,과자/초콜릿/디저트/사탕/젤리/젤리
하리보 푸르티부시 과일 젤리 26EA 1BOX 1통,과자/초콜릿/디저트/사탕/젤리/사탕
하리보 프리티부시,과자/초콜릿/디저트/사탕/젤리/젤리
하리보 피치스/ 젤리 복숭아맛 피치,"젤리/100g/알레르기성분: 쇠고기, 복숭아/무지방/저염/원산지: 터키/표시기준분량: 100g/열량: 337kcal/탄수화물: 24%/당류: 65g/단백질: 6g/지방: 0.1g/포화지방: 0.1g/트랜스지방: 0g/콜레스테롤: 0mg/나트륨: 30mg/과자/초콜릿/디저트/사탕/젤리/젤리"
하리보 피치스[],"젤리/100g/알레르기성분: 쇠고기, 복숭아/무지방/저염/원산지: 터키/표시기준분량: 100g/열량: 337kcal/탄수화물: 78g/당류: 65g/단백질: 11%/지방: 0.1g/포화지방: 0.1g/트랜스지방: 0g/콜레스테롤: 0mg/나트륨: 2%"
하리보 피코발라,젤리
하리보 할로윈 스케리 펀 호박 젤리/멘토스/마이쮸/사탕/캔디/담라/후르트텔라,과자/초콜릿/디저트/사탕/젤리/젤리
하리보 해피콜라 사우어 젤리,과자/초콜릿/디저트/사탕/젤리/젤리
하오리위안 대용량 간식 태국 옥수수젤리 밀크츄 카라멜,사탕
하오리위안 밀크츄 4가지맛 총 8봉,과자/초콜릿/디저트/사탕/젤리/사탕
하오리위안 밀크츄 5가지맛 믹스1+1 대용량,과자/초콜릿/디저트/사탕/젤리/카라멜
하오리위안 밀크츄 바나나맛,사탕
하오리위안 밀크츄 바나나향[1봉],사탕
하오리위안 밀크츄 옥수수향 1봉,사탕
하와이안호스트 마카다미아 초콜릿 3 코스트코,초콜릿
하와이안호스트 아일랜드 맥스,초콜릿
하와이안호스트 하와이언 호스트 알로하 젬스 마카다미아 초콜릿,초콜릿
하피 프루트 젤리,젤리/140g/무지방/저염/원산지: 중국/표시기준분량: 100g/열량: 344kcal/탄수화물: 80g/당류: 52g/단백질: 6g/지방: 0g/포화지방: 0g/트랜스지방: 0g/콜레스테롤: 0mg/나트륨: 8mg
한국마즈 몰티져스 카라멜 골드,과자/초콜릿/디저트/초콜릿/초콜릿
한양식품박하맛 사탕,사탕
한양식품박하향사탕디저트 캔디 박하사탕,과자/초콜릿/디저트/사탕/젤리/사탕
한울식품 나는 달고나1통,사탕
한울식품 달고나 1봉막대사탕/롤리팝/사탕/스틱캔디,과자/초콜릿/디저트/사탕/젤리/사탕
한울식품 우주 추억의 달고나939534043,사탕
한울식품 추억의 달고나,과자/초콜릿/디저트/사탕/젤리/사탕
한일 옛날꽈배기,젤리
한진식품 포포 포도맛 제리,사탕
할로윈 달고나롤리팝 해골,사탕
할로윈 달고나롤리팝 호박,사탕
함지박 석류조아 우리쌀 떡뻥 쌀과자 국산 석류 5% 함유,과자/초콜릿/디저트/사탕/젤리/젤리
해태제과 계란과자/간식/어린이,젤리
해태제과 과자마켓 2000 자두캔디 26p입,사탕
해태제과 미니 자유시간 간식용 초콜릿 초코바 60봉,초콜릿
해태제과 버터링 골드,젤리
해태제과 신당동떡볶이,과자/초콜릿/디저트/사탕/젤리/젤리
해태제과 신쫄이 레몬콜라맛/ 찢어먹는 젤리,젤리
해태제과 신쫄이 새콤딸기맛 젤리,젤리
해태제과 신쫄이 샤인머스캣/ 젤리 사탕,과자/초콜릿/디저트/사탕/젤리/젤리
해태제과 신쫄이 샤인머스캣,"젤리/96g/알레르기성분: 대두, 밀/무지방/표시기준분량: 12g/열량: 40kcal/탄수화물: 10g/당류: 6.7g/단백질: 0.3g/지방: 0g/포화지방: 0g/트랜스지방: 0g/콜레스테롤: 0mg/나트륨: 20mg"
해태제과 썬키스트 달콤한 간식 캔디 과자 모음 썬키스트 사탕대량구매 사탕과자 사탕간식 간식 썬키스,사탕
해태제과 아이스쿨 껌,과자/초콜릿/디저트/사탕/젤리/껌/엿
해태제과 아이스쿨 껌 용기 6통,과자/초콜릿/디저트/사탕/젤리/껌/엿
해태제과 아이스쿨껌 리필껌2,껌
해태제과 아이스쿨껌 리필껌3,껌
해태제과 아이스쿨껌 리필껌5,껌
해태제과 아이스쿨껌 리필껌 츄잉껌,껌
해태제과 얼려먹는 초코만들기,초코바
해태제과 얼초 러브스틱 만들기/ 발렌타인,과자/초콜릿/디저트/초콜릿/초콜릿
해태제과 얼초 러브스틱만들기,"DIY초콜릿/48g/알레르기성분: 대두, 우유/저염/표시기준분량: 48g/열량: 275kcal/탄수화물: 28g/당류: 23g/단백질: 2g/지방: 17g/포화지방: 14g/트랜스지방: 0g/콜레스테롤: 5mg 미만/나트륨: 45mg"
해태제과 연양갱 골드바 간식 선물 입,선물세트
해태제과 오예스 과자 파이 스낵 대용량 간식입,초콜릿
해태제과 자두캔디1BOX,사탕
해태제과 자유시간 리얼초코12p + 아몬드12p 1세트,과자/초콜릿/디저트/초콜릿/초콜릿
해태제과 자유시간 리얼초코,과자/초콜릿/디저트/초콜릿/초콜릿
해태제과 자유시간 미니 쿠키앤크림,초코바
해태제과 자일리톨 아카시아,껌
해태제과 캔디 7종 청포도+복숭아+스카치+썬키스트+알사탕+자두+통아몬드 혼합세트,사탕
해태제과 포키 초코 극세6봉입박스안심포장 초코과자,젤리
해태제과 해태 포키 수제포장 3갑 5세트 / 빼빼로데이 선물세트,과자/초콜릿/디저트/사탕/젤리/젤리
해태제과 허니버터칩 4번들 4 16봉,젤리
해피무 버터향 비스킷+ 초콜릿맛 비스킷총,과자/초콜릿/디저트/사탕/젤리/젤리
해피타임 생강젤리 도라지 홍삼도라지생강 젤리 -명절선물 간식 선물 정관장 맛있는콜라겐 선물세트 비타민C,과자/초콜릿/디저트/사탕/젤리/젤리
허쉬 HERSHEYS SPECIAL 다크 제로 슈가 초콜릿 캔디 백51온스,초콜릿
허쉬 골드 사각 패키지,"초콜릿/208g/알레르기성분: 대두, 우유"
허쉬 골드 쇼핑백 패키지,"초콜릿/292g/알레르기성분: 대두, 우유"
허쉬 너겟 밀크,과자/초콜릿/디저트/초콜릿/초콜릿
허쉬 너겟 쿠키앤크림 X34045993,사탕
허쉬 너겟 크리미 밀크아몬드,초콜릿
허쉬 다크초콜릿 석류,초콜릿
허쉬 다크초콜릿 아사이앤드블루베리,과자/초콜릿/디저트/초콜릿/초콜릿
허쉬 대용량 선물용 초콜릿칩 쿠키입/해피무/초코칩/오레오,젤리
허쉬 레귤러바 밀크,초콜릿
허쉬 레귤러바 밀크+ 레귤러바 아몬드,과자/초콜릿/디저트/초콜릿/초콜릿
허쉬 레귤러바 쿠키앤크림,과자/초콜릿/디저트/초콜릿/초콜릿
허쉬 롯데제과 너겟 아몬드,초콜릿
허쉬 미국 밀크 초콜렛 자이언트바 빅사이즈,과자/초콜릿/디저트/초콜릿/초콜릿
허쉬 자이언트바 스페셜 다크 초콜릿,초콜릿
허쉬 초코칩싱글쿠키31478606,과자/초콜릿/디저트/사탕/젤리/사탕
허쉬 초콜릿 초코바이츠 쿠앤크,초콜릿
허쉬 코코아크리에이션 쿠키 앤 믹스베리 향 초콜릿._MC,과자/초콜릿/디저트/초콜릿/초코바
허쉬 키세스 3종세트 아몬드+밀크+쿠앤크 초콜릿 키세스 키세스초콜릿 초콜릿,과자/초콜릿/디저트/초콜릿/초코바
허쉬 키세스 쇼핑백,"초콜릿/156g/알레르기성분: 대두, 우유"
허쉬 키세스 수능 골드바,"초콜릿/208g/알레르기성분: 대두, 우유"
허쉬 키세스 스페셜 셀렉션 스트로베리+트러플,과자/초콜릿/디저트/초콜릿/초콜릿
허쉬 키세스 스페셜 셀렉션 트러플,"초콜릿/100g/알레르기성분: 대두, 우유/저염/표시기준분량: 100g/열량: 550kcal/탄수화물: 18%/당류: 55g/단백질: 7g/지방: 32g/포화지방: 18g/트랜스지방: 0.5g 미만/콜레스테롤: 15mg/나트륨: 80mg"
허쉬 키세스 아이코닉 밀크 초콜렛,초콜릿
허쉬 키세스 초콜릿스탠컵 포함 캠핑머그컵 HERSHEYS,과자/초콜릿/디저트/초콜릿/초콜릿
허쉬 키세스 하트틴캔,"초콜릿/130g/알레르기성분: 대두, 우유/저염/표시기준분량: 100g/열량: 540kcal/탄수화물: 59g/당류: 53g/단백질: 9g/지방: 30g/포화지방: 120%/트랜스지방: 0.5g 미만/콜레스테롤: 20mg/나트륨: 105mg"
허쉬 키세스 하트플럼,"초콜릿/156g/알레르기성분: 대두, 우유"
허쉬 핫초코 코코아밤입,과자/초콜릿/디저트/초콜릿/초코바
허쉬 헤리티지 기획,초콜릿
헬로키티 마시멜로우 초코,젤리
헬로키티 미니 마시멜로낱개포장 개별포장,과자/초콜릿/디저트/사탕/젤리/사탕
헬로키티 초콜릿맛 마시멜로입,과자/초콜릿/디저트/사탕/젤리/젤리
혜성 애플 망고젤리 디저트 간식,젤리
혜성 옥수수젤리 디저트 간식,과자/초콜릿/디저트/사탕/젤리/사탕
호정식품 호정가 창평쌀엿5EA 묶음 /대한민국 식품명인 제21호,엿
홈플러스 시그니처 메이플 푸딩,푸딩
홈플러스 시그니처 청양마요맛 새우칩,과자/초콜릿/디저트/초콜릿/초콜릿
홈플러스 시그니처 칠리버터맛 콘칩,과자/초콜릿/디저트/초콜릿/초콜릿
홍쌍리청매실농원 홍쌍리 청매실젤리캔디골드 / 홍쌍리캔디 홍쌍리젤리 / 지함세트 / 캔디+ 젤리,젤리
화미누룽지사탕개별포장,과자/초콜릿/디저트/사탕/젤리/사탕
화미박하향사탕개별포장,과자/초콜릿/디저트/사탕/젤리/사탕
효미당 양갱명가 세트,양갱/구성: 단호박45gx5개
효성 햄렛 엑셀시움 트러플 초콜릿 헤이즐넛향,초콜릿
후르츠 캔디 과일 사탕,사탕/180g/표시기준분량: 180g/열량: 640kcal/탄수화물: 160g/당류: 120g
후지야 밀키 페코 캔디 밀크 츄잉캔디 사탕,사탕
후지야 컨트리맘 초코마미레 초코투성이입 3봉지 일본과자/초코,젤리
후지야 팝 캔디,사탕
휘태커스 미니 슬랩 아몬드 앤 크랜베리 초콜릿,초콜릿
휘태커스 아몬드골드 슬랩 초콜릿 입,초콜릿
히츨러 얼려먹는젤리 히치스 사우어 드라헨구미,과자/초콜릿/디저트/사탕/젤리/젤리
히츨러 히치스 수수깡젤리,젤리
