Name,Spec
2024-10-17 20:00:22
BIGELOW 비글로우 얼그레이티 블랙티 33g 20티백,홍차/티백형/총량: ~50개입/원산지: 외국산/개당중량: 33g
Barry's Tea Classic Blend 베리스티 클래식 블랜드 홍차 80티백 250g 2팩,홍차/녹차/홍차/뿌리차
Barry's Tea 베리스티 아이리쉬 브랙퍼스트 티 홍차 40티백 125g 3팩,홍차/녹차/홍차/뿌리차
CJ제일제당 메티에 블랙티 파우더 1kg,홍차/분말/파우치형
HTC MARIAGE FRERES Earl French Tea 마리아쥬프레르 얼그레이 프렌치 티 100g,홍차
Pukka 푸카 에프터 디너 티 소화차 20티백 36g 3팩,홍차/녹차/홍차/뿌리차
SHIH CHEN FOODS 3시 15분 로스티드 밀크티 15T,밀크티/티백형/총량: 15T/1T당: 20g
SHIH CHEN FOODS 3시 15분 로즈힙 밀크티 15T,밀크티/티백형/총량: 15T/1T당: 20g
SHIH CHEN FOODS 3시 15분 오리지날 밀크티 5T,밀크티/티백형/총량: 5T/원산지: 외국산/1T당: 20g
SHIH CHEN FOODS 3시 15분 오리지널 밀크티 15T,밀크티/티백형/총량: 15T/1T당: 20g
TWG티 1837 블랙티 15T,홍차/티백형/총량: 15T/원산지: 외국산
TWG티 HTC 1837 블랙티 100g 1개,홍차/녹차/홍차/유자차
TWG티 HTC 프렌치 얼 그레이 홍차 100g 1개 1개,홍차/녹차/홍차/유자차
TWG티 TWG 1837 블랙티 Black Tea 15티백,홍차
TWG티 그랜드 웨딩 티백 15T (해외),홍차/티백형/총량: 15T/원산지: 외국산/1T당: 2.5g
TWG티 바닐라 버번 티백 15개입,홍차/티백형
TWG티 블랙 티 100g (해외),홍차/원물(잎차)/원산지: 외국산
TWG티 블랙퍼스트 얼그레이 15개입,홍차/티백형
TWG티 오뜨쿠튀르 프렌치 얼그레이 100g,홍차/녹차/홍차/유자차
Tazo 타조 아이스 블러쉬베리 티 6티백 4팩 114g,홍차/티백형
Teapigs Tea 티피그 얼그레이 스트롱 티 50티백 125g,홍차/녹차/홍차/뿌리차
Tesco Finest Ceylon 50 Teabags 125G 테스코 파이니스트 실론 50티백 3팩,홍차/녹차/홍차/뿌리차
Twinings Superblends Calm Tea Bags 30G 트와이닝 모멘트 오브 캄 20 티백 2팩,홍차/녹차/홍차/뿌리차
Twinings 트와이닝 100% 순수 우롱차 20 티백 40g 1.41oz,홍차/녹차/홍차/뿌리차
Twinings 트와이닝 홍차 실론 오렌지 페코 20 티백 40g 1.41oz,홍차/녹차/홍차/뿌리차
Twinings 트와이닝 홍차 얼 그레이 라벤더 20 티백 40g 1.41oz,홍차/녹차/홍차/뿌리차
Twinings 트와이닝 홍차 크리스마스 차 20 티백 40g 1.41oz,홍차/녹차/홍차/뿌리차
Typhoo Tea Bags 타이푸 티 백 영국 홍차 1100개입,홍차/녹차/홍차/뿌리차
가바쌀 눈 차 1.5g x 30티백,홍차/녹차/홍차/뿌리차
가을신선제다 안동국화차,홍차
강화순무 도라지차 30g 2gx15티백 식자재 식재료 업소용,홍차/녹차/홍차/뿌리차
건강스토리 양파껍질차 0.8g 100티백 국산,홍차/녹차/홍차/유자차
건강스토리 얼그레이티 1g 100티백,홍차/티백형
고려인삼제품공사 고향 복숭아홍차 20스틱 1BOX 20개입,홍차/스틱형
공차 허니 자몽 블랙티 20T,홍차/스틱형/1T당: 20g/
광야식품 광야 블루베리 베이스,홍차
광야식품 광야식품 복숭아홍차 음료베이스 x 1병,홍차
규수 초기에 만들어진 창건사의 오래된 일본 차로 만든 홍차 5g,홍차
까로망 프리미엄 밀크티 파우더 500g 1개,홍차/녹차/홍차/유자차
꽃샘식품 꽃샘 별난알맹이 자몽 파우치 500g 1BOX 8개입,홍차
난다라이프 얼그레이티 티백 2g 30개,홍차/녹차/홍차/유자차
남양유업 루카스나인 시그니처 라떼 밀크티 30T,밀크티/스틱형/총량: 30T/원산지: 외국산/1T당: 17.5g
네슬레 네스티 사은 혜택 아이스티 복숭아맛 70T,홍차/녹차/홍차/유자차
네슬레 레모네이드 3개세트,홍차
녹차원 국내산 우롱차 50티백 1.2gX50T 녹차원,홍차/티백형
녹차원 소이 녹차원 국내산 우롱차 50T 1BOX 12개입,홍차
녹차원 얼그레이 20T,홍차/티백형/총량: 20T/원산지: 외국산/1T당: 1.6g
녹차원 얼그레이 30T,홍차/티백형/총량: 30T/원산지: 외국산/1T당: 1g
녹차원 얼그레이 60T,홍차/티백형/총량: 60T/원산지: 외국산/1T당: 1.5g
농업회사법인한국비엘 유나인 옥수수수염차 베이스 1L/ 진액 원액 희석음료 허브,홍차/녹차/홍차/유자차
뉴트리디데이 허벌티 100g,홍차/분말/원산지: 외국산
늘해찬 볶은 국산 당귀차 티백 삼각티백 대용량 50티백,홍차/녹차/홍차/유자차
늘해찬 볶은 국산 민들레차 50티백 2개 100티백,홍차/녹차/홍차/유자차
늘해찬 볶은 국산 양파껍질차 50티백,홍차/녹차/홍차/유자차
늘해찬 볶은 쑥청차 티백 쑥+당귀+생강+계피 전통차 허브차 대용량 티백차 50티백,홍차/녹차/홍차/유자차
다농원 데일리 콤부차 세븐베리 5g 20개입,홍차/녹차/홍차/유자차
다농원 얼그레이 밀크티 라떼 500g,홍차/분말
다농원 진짜 딸기 베이스 950g 2개세트,홍차/녹차/홍차/유자차
다만프레르 다즐링 24T,홍차/티백형/총량: 24T/원산지: 외국산/1T당: 2g
다정헌 과일청 브렌딩티 자몽허니블랙티 자허블 5입 / 콤부차 티로그 실론티 얼그레이 밀크티 공차 아이스티,홍차/녹차/홍차/유자차
다좋은푸드 다예 얼그레이 8T,홍차/티백형/총량: 16T/1T당: 0.7g
다질리언 기문 홍차 125g,홍차/원물(잎차)/원산지: 외국산
다질리언 기문 홍차 80g,홍차/원물(잎차)/원산지: 외국산
다질리언 다즐링 티백 15T,홍차/티백형/총량: 15T/원산지: 외국산/1T당: 2.5g
다질리언 다질리언 얼그레이 수피리어 홍차 틴,홍차
다질리언 다질리언 얼그레이 플라워 홍차,홍차
다질리언 다질리언 홍차-아쌈 캔 티 밀크,홍차
다질리언 다질링 홍차 80g,홍차/원물(잎차)/원산지: 외국산
다질리언 마살라차이 홍차 125g,홍차/원물(잎차)/원산지: 외국산
다질리언 마살라차이 홍차 80g,홍차/원물(잎차)/원산지: 외국산
다질리언 세븐어클락 홍차 80g,홍차/원물(잎차)/원산지: 외국산
다질리언 시나몬애플 홍차 80g,홍차/원물(잎차)/원산지: 외국산
다질리언 아쌈 티백 15T,홍차/티백형/총량: 15T/원산지: 외국산/1T당: 2.5g
다질리언 아쌈 홍차 80g,홍차/원물(잎차)/원산지: 외국산
다질리언 얼그레이 수피리어 80g,홍차/원물(잎차)/원산지: 외국산
다질리언 얼그레이 수피리어 티백 15T,홍차/티백형/총량: 15T/원산지: 외국산/1T당: 2.5g
다질리언 얼그레이 실론 125g,홍차/원물(잎차)/원산지: 외국산
다질리언 잉글리쉬 브렉퍼스트 홍차 80g 브랙퍼스트홍차,홍차
다하다 늙은 호박차 100티백 1g,홍차/녹차/홍차/뿌리차
"다하다 딜다하다 작두콩차 1g, 100티백,",홍차/녹차/홍차/뿌리차
다희연 5월 녹차티백 1.2g x50포 청정제주 삼각티백,홍차/녹차/홍차/뿌리차
담터 따뜻하게 마시는 프룻&허니티 자몽 허니 블랙티 20T,홍차/티백형/총량: 200T/1T당: 1g
담터 레몬 홍차80T 80T,홍차
담터 맑고 깨끗한 메밀차 1.5g200티백 300g,홍차/녹차/홍차/유자차
담터 백퍼센트 스리랑카 홍차 10티백 12개 대용량 블랙티,홍차/티백형
담터 복숭아 홍차 1.5L x 6개,홍차
담터 블랙티 홍차 10티백 홍차 스리랑카 삼각티백 차,홍차/티백형
담터 자몽 허니블랙티 50Tx1개+워터보틀,홍차/녹차/홍차/유자차
담터 콜드브루티 딸기 히비스커스 20T+복숭아 패션후르츠 홍차 20T 1개,홍차/녹차/홍차/유자차
담터 콜드브루티 딸기 히비스커스 20티백,홍차/허브차/히비스커스/티백형
담터 콜드브루티 복숭아 패션후르츠 20티백,홍차/티백형
담터 콜드브루티 복숭아 패션후르츠 홍차 20T,홍차/티백형/총량: 20T/1T당: 1.5g
담터 콜드브루티 샤인머스캣 20T+복숭아 패션후르츠 홍차 20T,홍차
담터 콜드브루티 샤인머스캣 그린티 1.8g 20티백,녹차/홍차/티백형/총량: ~50티백/원산지: 국내산/개당중량: 1.8g
담터 콤부차 납작복숭아 10T 3개,홍차/녹차/홍차/유자차
담터 콤부차 납작복숭아 30입,홍차/녹차/홍차/유자차
담터 콤부차 세븐베리 10T 3개,홍차/녹차/홍차/유자차
담터 콤부차 애플망고 10T 3개,홍차/녹차/홍차/유자차
담터 홍차 (블랙티) 10T,홍차/티백형/총량: 10T/원산지: 외국산/1T당: 2g
대익차 중국 운남성 보이차 대익홍 2301 숙차 357g,홍차/녹차/홍차/유자차
대익차 중국 운남성 보이차 미최엄 2013 숙차 357g,홍차/녹차/홍차/유자차
대호식품 대호식품 까르페 밀크티 1kg 아쌈 홍차/허니듀,홍차
대호식품 레몬홍차 1kg 12개 1박스 자판기용 아이스티,홍차
대호식품 매실차 1kg 자판기용 매실 가루 믹스,홍차/녹차/홍차/유자차
더블데이 바닐라 후레쉬 파우더 800g 2개세트,홍차/녹차/홍차/유자차
도밍고 꿀 홍차 10T,홍차/티백형
도밍고 꿀 홍차 20T,홍차/티백형
도밍고 꿀홍차 1.5g 80티백,홍차/티백형
도밍고 꿀홍차 10티백 1.5g 10개입 2개,홍차/녹차/홍차/유자차
동서식품 맥심 카누 맥심 클래식 다즐링 20티 얼그레이 망고피치향,홍차
동서식품 보리차 티백 10g 30개 2개,홍차/녹차/홍차/유자차
동서식품 카누 동서 아이스티 40T 모음/분말/홍차,홍차
동서식품 카누 동서 타라 클래식 녹차 홍차 티백,홍차/녹차/홍차/뿌리차
동서식품 카누 동서 향이좋은 녹차 홍차 허브차 허브티 전통차티백,홍차/녹차/홍차/뿌리차
동서식품 카누 둥굴레차 1.2g 4개 100개입,홍차/녹차/홍차/유자차
동서식품 카누 보리차 티백 10g 15개입 3개,홍차/녹차/홍차/유자차
동서식품 카누 아이스티 레몬맛 40T,홍차/총량: ~50티백
동서식품 카누 타라 클래식 다즐링 20티백,홍차/허브차/티백형
동서식품 카누 타라 클래식 망고&피치향 20티백,홍차/티백형
동서식품 카누 타라 클래식 잉글리시 브랙퍼스트 20티백,홍차/티백형/총량: ~50티백/원산지: 외국산
동서식품 타라 클래식 다즐링 20T,홍차/티백형/총량: 20T/1T당: 1.5g
동서식품 타라 클래식 망고피치향 20T,홍차/티백형/총량: 20T/원산지: 외국산/1T당: 1.8g
동서식품 타라 클래식 얼그레이 20T,홍차/티백형/총량: 20T/원산지: 외국산/1T당: 1.8g
동서식품 타라 클래식 잉글리쉬 브렉퍼스트 20T,홍차/티백형/총량: 20T/1T당: 1.8g
동우당제약 잘자요 자장자장차 15티백,홍차/티백형
동원F&B 보성홍차 아이스티 복숭아 제로 500ml 12개 24개 HN,홍차/녹차/홍차/유자차
동원F&B 보성홍차 아이스티 제로 복숭아 350ml 24입/SH,홍차/녹차/홍차/유자차
동원F&B 보성홍차아이스티 제로 복숭아 350ml 24페트,홍차/녹차/홍차/유자차
동원F&B 홍차 복숭아맛 175ml 30캔,홍차/녹차/홍차/유자차
동원F&B 홍차순 복숭아 175ml 60입 MSD 마스크팩,홍차/녹차/홍차/유자차
동일미래에프엔씨 희창 자연생각 복숭아 홍차 아이스티,홍차
두리 아일레스 얼그레이 20T,홍차/티백형/총량: 20T/원산지: 외국산/1T당: 2.5g
딜마 Funtea 얼그레이 홍차 2g 25개입,홍차/녹차/홍차/유자차
딜마 다즐링 100g Tin,홍차/녹차/홍차/유자차
딜마 딜마 티백 50개입 2팩 실론 수프림 Dilmah Ceylon Supreme Tea 50 Tea Bags 100g,홍차/녹차/홍차/뿌리차
딜마 라즈베리 홍차 20T,홍차/티백형/총량: 20T/원산지: 외국산
딜마 레몬 앤 라임 홍차 20T,홍차/티백형/총량: 20T/1T당: 2g
딜마 블루베리 바닐라 20T,홍차/티백형/총량: 20T/원산지: 외국산
딜마 애플 홍차 25T,홍차/티백형/총량: 25T/원산지: 외국산
딜마 얼그레이 홍차 잎차 125g,홍차/녹차/홍차/뿌리차
딜마 잉글리쉬 블랙퍼스트 25T,홍차/티백형/총량: 25T/원산지: 외국산
딜마 진저 허니 20T,홍차/티백형/총량: 20T/원산지: 외국산
딜마 카라멜 홍차 20T,홍차/티백형/총량: 20T/원산지: 외국산
떼레발 실론 스파이스 차이 15T,홍차/티백형/총량: 15T/원산지: 외국산/1T당: 2g
떼레발 실론 시즌즈 누와라 엘리야 하이랜드 15T,홍차/티백형/총량: 15T/원산지: 외국산/1T당: 2g
떼레발 실론 시즌즈 딤블라 리전 15T,홍차/티백형/총량: 15T/원산지: 외국산/1T당: 2g
떼레발 실론 시즌즈 우바 밸리 15T,홍차/티백형/총량: 15T/원산지: 외국산/1T당: 2g
로네펠트 꾸뛰르 다즐링 골드 100g,홍차/원물(잎차)/원산지: 외국산
로네펠트 다즐링 아우스레제 100g,홍차/원물(잎차)/원산지: 외국산
로네펠트 로네펠트 Ronnefeldt Darjeeling Summer Gold 다즐링 썸머골드 홍차 15티백 37.5g 2팩,홍차/녹차/홍차/뿌리차
로네펠트 로네펠트 생강-레몬 그린티 100g,홍차
로네펠트 로네펠트 허클베리 프랜드 녹차 100g,녹차/홍차/리필형/파우치형
로네펠트 마라쿠쟈 드 그레나딜로 100g,"홍차/원물(잎차)/원산지: 외국산/홍차, 파파야 열매, 아로마, 향료, 해바라기 꽃"
로네펠트 마살라 차이 홍차 100g,"홍차/원물(잎차)/원산지: 외국산/생강, 아니스, 검은 후추, 정향, 회향"
로네펠트 비바 바닐라 홍차 100g,"홍차/원물(잎차)/원산지: 외국산/홍차, 향료, 바닐라 비트, 오렌지 꽃"
로네펠트 스페셜 얼그레이 홍차 100g,"홍차/원물(잎차)/원산지: 외국산/홍차, 아로마"
로네펠트 조이오브티 마살라 차이 15티백,홍차/티백형
로네펠트 카라멜로 홍차 100g,"홍차/원물(잎차)/원산지: 외국산/카라멜 조각, 아로마"
로네펠트 크림 홍차 100g,홍차/원물(잎차)/원산지: 외국산/아로마
로네펠트 티벨롭 레몬스카이 2g 25티백,홍차/허브차/티백형
로네펠트 티벨롭 아쌈 1.5g 25티백,홍차/티백형
로네펠트 티벨롭 아쌈 25T,홍차/티백형/총량: 25T/원산지: 외국산/1T당: 1.5g
로네펠트 티벨롭 얼그레이 25T,홍차/티백형/총량: 25T/원산지: 외국산/1T당: 1.5g
로네펠트 티벨롭 잉글리쉬 블랙퍼스트 25T,홍차/티백형/총량: 25T/원산지: 외국산/1T당: 1.5g
로네펠트 티피 골든 다즐링 얼그레이 홍차 100g,홍차/원물(잎차)/원산지: 외국산/베르가모스 아로마
로네펠트 프린세스 그레이 홍차 100g,"홍차/원물(잎차)/원산지: 외국산/다즐링, 기문, 오렌지 필, 아로마, 수레 국화"
로네펠트 헤렌토피 홍차 100g,홍차/원물(잎차)/원산지: 외국산/아로마
롯데칠성음료 실론티 살구밀크티 홍차 티하우스나니 240ml 12펫,홍차/녹차/홍차/유자차
롯데칠성음료 에이치플러스몰 음료수 액상차 실론티 레몬 240m LX30EA,홍차
룩아워티 룩 블랙 얼그레이 20티백,홍차/티백형
룩아워티 우롱블렌딩 피치카토 20티백,홍차/티백형
룩아워티 파인애플 우롱 20티백,홍차/티백형
룩아워티 홍차 블렌딩 룩 블랙 얼그레이 30T,홍차/티백형/총량: 30T/원산지: 외국산/1T당: 2g
르네샤이 스윗 얼그레이 홍차 200g,홍차/원물(잎차)/원산지: 외국산
마녀의부엌 밀크티북 7종 선물세트,홍차/녹차/홍차/유자차
마리아쥬프레르 마리아쥬 프레르 홍차 100g 30종,녹차/홍차
마리아쥬프레르 웨딩 임페리얼 100g,홍차/원물(잎차)/원산지: 외국산
마리아쥬프레르 웨딩 임페리얼 30T,홍차/총량: 30T/원산지: 외국산/중량: 140g
마실거리 머스캣블랙티 50T,홍차/티백형/총량: 50T/원산지: 외국산/1T당: 1g
메가MGC커피 까르페 데일리티 복숭아홍차 아이스티 1kg,홍차
메가MGC커피 메가커피 녹차원 호박팥차 60티백 2개세트,홍차
메가MGC커피 메가티 잉글리쉬 블랙퍼스트 삼각 15티백 허브티,홍차/티백형
메가MGC커피 세미 홍차라떼 500g 2박스 12개,홍차
메이토 로얄 밀크티 400g,밀크티/분말
모후실 물처럼 마시는 홍차 80g,홍차/원물(잎차)/원산지: 국내산
모후실에서 만난 유자홍차 30g,홍차/원물(잎차)/원산지: 국내산
믈레즈나 누와라엘리야 OP 홍차 100g,홍차/파우치형
믈레즈나 딤불라 OP 홍차 100g,홍차/파우치형
믈레즈나 딸기향 홍차 100g,홍차/원물(잎차)
믈레즈나 룰레콘데라 홍차 잎차,홍차
믈레즈나 룰레콘데라 홍차 틴 100g,홍차/원물(잎차)/원산지: 외국산
믈레즈나 망고향 홍차 30T,홍차/티백형/총량: 30T/원산지: 외국산/1T당: 2g
믈레즈나 메이플향 홍차 10T,홍차/티백형/총량: 10T/원산지: 외국산/1T당: 2g
믈레즈나 메이플향 홍차 30T,홍차/티백형/총량: 30T/원산지: 외국산/1T당: 2g
믈레즈나 몽크 블렌드 과일 홍차 100g,홍차/파우치형
믈레즈나 몽크향 잎차 500g,홍차/리필형
믈레즈나 믈레즈나 딸기향 홍차,홍차
믈레즈나 믈레즈나 빅토리안 블렌드,홍차
믈레즈나 믈레즈나 잉글리쉬 브렉퍼스트,홍차
믈레즈나 믈레즈나 자스민향 홍차 100g,홍차
믈레즈나 믈레즈나 자스민향 홍차 500g,홍차
믈레즈나 믈레즈나 트래디셔널 컬렉션 Traditional,홍차
믈레즈나 복숭아 살구향 홍차 30T,홍차/티백형/총량: 30T/원산지: 외국산/1T당: 2g
믈레즈나 사과향 과일 홍차 100g,홍차/파우치형
믈레즈나 사과향 홍차 30T,홍차/티백형/총량: 30T/원산지: 외국산/1T당: 2g
믈레즈나 사워솝 과일 홍차 100g,홍차/파우치형
믈레즈나 아이스와인 홍차 30T,홍차/티백형/총량: 30T/1T당: 2g
믈레즈나 아이스원 30개 2g,홍차/녹차/홍차/유자차
믈레즈나 얼그레이 500g 리필 대용량 밀크티로도 좋음,홍차/녹차/홍차/유자차
믈레즈나 얼그레이 홍차 100g 틴,홍차/녹차/홍차/유자차
믈레즈나 얼그레이 홍차 30T,홍차/티백형/총량: 30T/원산지: 외국산/1T당: 2g
믈레즈나 오렌지 페코 홍차 30T,홍차/티백형/총량: 30T/원산지: 외국산/1T당: 2g
믈레즈나 잉글리쉬 블랙퍼스트 홍차 30T,홍차/티백형/총량: 30T/원산지: 외국산/1T당: 2g
믈레즈나 장미향 홍차 30T,홍차/티백형/총량: 30T/원산지: 외국산/1T당: 2g
믈레즈나 캔디 FBOP 홍차 100g,홍차/파우치형
믈레즈나 크림 얼그레이 홍차,홍차
믈레즈나 크림 얼그레이 홍차 100g,홍차/원물(잎차)
믈레즈나 크림 얼그레이 홍차 30T,홍차/티백형/총량: 30T/원산지: 외국산/1T당: 2g
믈레즈나 크림 얼그레이 홍차 30티백,홍차/티백형
믈레즈나 크림 얼그레이 홍차 500g,홍차/원물(잎차)
믈레즈나 프렌치 바닐라 홍차 100g,홍차/원물(잎차)
바른티 스트로베리향 홍차 25T,홍차/티백형/총량: 25T/원산지: 외국산/1T당: 1g
바른티 얼그레이 25T,홍차/티백형/총량: 25T/원산지: 외국산/1T당: 1g
바른티 잉글리쉬 블랙퍼스트 25T,홍차/티백형/총량: 25T/원산지: 외국산/1T당: 1g
바른티 트로피칼 홍차 25T,홍차/티백형/총량: 25T/원산지: 외국산/1T당: 1g
베오베 밀크티 파우더 500g 1박스12개,홍차
베질루르 스트로베리 키위 20T,홍차/티백형/총량: 20T/원산지: 외국산/1T당: 2g
베질루르 얼그레이 20T,홍차/티백형/총량: 20T/원산지: 외국산/1T당: 2g
베질루르 윈터북 Vol 5 100g 잎차 틴케이스,홍차/녹차/홍차/유자차
베티나르디 기문 캔 100g,홍차/원물(잎차)/원산지: 외국산
베티나르디 기문 티 100g,홍차/원물(잎차)/원산지: 외국산
베티나르디 기문 티 125g,홍차/원물(잎차)/원산지: 외국산
베티나르디 기문 티 20T,홍차/티백형/총량: 20T/원산지: 외국산/1T당: 1.5g
베티나르디 기문 티 30T,홍차/티백형/총량: 30T/원산지: 외국산/1T당: 1.5g
베티나르디 다즐링 캔 100g,홍차/원물(잎차)/원산지: 외국산
베티나르디 다즐링 티 100g,홍차/원물(잎차)/원산지: 외국산
베티나르디 다즐링 티 20T,홍차/티백형/총량: 20T/원산지: 외국산
베티나르디 다즐링 티 30T,홍차/티백형/총량: 30T/원산지: 외국산
베티나르디 다즐링 티 벌크 1kg,홍차/원물(잎차)/원산지: 외국산
베티나르디 민티 초콜릿 티 30T,홍차/티백형/총량: 30T
베티나르디 베티나르디 향홍차-캐리비안아일랜드 과일향꽃향향,홍차
베티나르디 스트로베리 크림 30티백,홍차/티백형
베티나르디 실론 지퍼백 125g 1개 1개,홍차/녹차/홍차/유자차
베티나르디 실론 캔 100g,홍차/원물(잎차)
베티나르디 실론 티 100g,홍차/원물(잎차)
베티나르디 실론 티 30T,홍차/티백형/총량: 30T
베티나르디 실론 티 벌크 1kg,홍차/원물(잎차)
베티나르디 아쌈 CTC 20티백,홍차/티백형
베티나르디 아쌈 CTC 캔 100g,홍차/원물(잎차)
베티나르디 아쌈 CTC 티 125g,홍차/원물(잎차)
베티나르디 아쌈 CTC 티 30T,홍차/티백형/총량: 30T/원산지: 외국산/1T당: 1.5g
베티나르디 아쌈 CTC 티 벌크 1kg,홍차/원물(잎차)
베티나르디 아쌈 리필 125g,홍차/리필형/원산지: 외국산/개당중량: 125g
베티나르디 아쌈 캔 100g,홍차/원물(잎차)
베티나르디 아쌈 티 20T,홍차/티백형/총량: 20T/원산지: 외국산/1T당: 1.5g
베티나르디 아쌈 티 30T,홍차/티백형/총량: 30T/원산지: 외국산/1T당: 1.5g
베티나르디 아쌈 티 30티백 1.5g 30개입 1개,홍차/녹차/홍차/유자차
베티나르디 얼그레이 리필 125g,홍차/리필형
베티나르디 얼그레이 지퍼백 125g 1개,홍차/녹차/홍차/유자차
베티나르디 얼그레이 캔 100g,홍차/원물(잎차)/원산지: 외국산
베티나르디 얼그레이 티 125g,홍차/원물(잎차)/원산지: 외국산
베티나르디 얼그레이 티 20T,홍차/티백형/총량: 20T/원산지: 외국산/1T당: 1.5g
베티나르디 얼그레이 티 30T,홍차/티백형/총량: 30T/원산지: 외국산/1T당: 1.5g
베티나르디 우바 지퍼백 125g 1개,홍차/녹차/홍차/유자차
베티나르디 우바 캔 100g,홍차/원물(잎차)/원산지: 외국산
베티나르디 우바 티 100g,홍차/원물(잎차)/원산지: 외국산
베티나르디 우바 티 20티백,홍차/티백형
베티나르디 잉글리쉬 브렉퍼스트 티 20T,홍차/티백형/총량: 20T/원산지: 외국산/1T당: 1.5g
베티나르디 잉글리쉬 브렉퍼스트 티 30T,홍차/티백형/총량: 30T/원산지: 외국산/1T당: 1.5g
베티나르디 잉글리쉬 블렉퍼스트 리필,홍차/리필형
베티나르디 카라멜 리시모 티 30T,홍차/티백형/총량: 30T/원산지: 외국산/1T당: 1.5g
베티나르디 캐리비안 아일랜드 캔 80g,홍차/원물(잎차)/원산지: 외국산
베티나르디 캐리비안 아일랜드 티 30T,홍차/티백형/총량: 90T/원산지: 외국산/1T당: 1.5g
베티나르디 포레스트 후르츠 캔 80g,홍차/원물(잎차)/원산지: 외국산
베티나르디 포레스트 후르츠 티 30T,홍차/티백형/총량: 60T/원산지: 외국산/1T당: 1.5g
베티나르디 포레스트 후르츠 티 30개입,홍차/티백형
베티나르디 포레스트 후르츠 티 벌크 1kg,홍차/원물(잎차)/원산지: 외국산
베티나르디 피치 우롱 티 티백 1.5g 30개,홍차/녹차/홍차/유자차
보성운림녹차 에이치플러스몰 음료수 액상차 캔음료 참맑은 홍차 175ml X30EA,홍차
보성제다 유기농 아름다운 홍차 20T,홍차/티백형/총량: 200T/원산지: 국내산/1T당: 1.2g
보성제다 유기농 아름다운 홍차 이야기 30g,홍차/원물(잎차)/원산지: 국내산
복음자리 로얄 밀크티 파우더 500g,홍차/녹차/홍차/유자차
볶은 차가버섯차 22.5g 1.5gx15티백,홍차/녹차/홍차/뿌리차
브리즈 머스캣 20티백,홍차/티백형
브리즈 실론 블랙퍼스트 20T,홍차/티백형/총량: 20T/원산지: 외국산/1T당: 3g
브리즈 얼그레이 클래식 20T,홍차/티백형/총량: 20T/원산지: 외국산/1T당: 3g
산해랑 믹싱티 루이보스 애플 레몬 100g,홍차/루이보스/원산지: 외국산/개당중량: 100g
산해랑 믹싱티 스위트 마테 100g,홍차/허브차/기타 허브차/원산지: 외국산/개당중량: 100g
산해랑 산해랑 건강차 볶은 연근차 1.2g x 100티백,홍차/녹차/홍차/뿌리차
산해랑 산해랑 다즐링 홍차 70g 헬스포 다이즐링 다즐링홍차,홍차
산해랑 아쌈홍차 90g,홍차/원물(잎차)/원산지: 외국산
삼원 삼원 블랙티 홍차라떼,홍차
새남에프앤비 홈타코 밀크티 6T,밀크티/스틱형/총량: 600T/1T당: 17g
샘표식품 담터율무차 샘표 마일드로스팅 작두콩 국내산콩 무점착티백 40T 미숫가루 호두아몬드 보이차,홍차/녹차/홍차/뿌리차/커피/차/녹차/홍차/뿌리차/홍차
세미 베버시티 베버시티 홍차라떼 500g 6개 1박스,홍차
솜인터내셔널 딜라잇가든 만능 밀크장 1kg 6 연유_소스,홍차/녹차/홍차/유자차
송원식품 감잎차 40티백 120T,홍차/녹차/홍차/유자차
송원식품 우리차 얼그레이 40T,홍차/티백형/총량: 40T/1T당: 1.5g
순수한집 순수티백차 얼그레이 50T,홍차/티백형/총량: 50T/1T당: 1.5g
순수한집 홍차 잉글리쉬 블랙퍼스트 대용량 50티백,홍차/녹차/홍차/유자차
스위트컵 찻잎담다 얼그레이 스위트 1.2kg,홍차/액상타입
스위트컵 찻잎담다 자몽허니블랙티 1.2kg,홍차
스위트코리아 과일액상 레몬 블루베리 복숭아 홍차,홍차/녹차/홍차/유자차
스위트코리아 레드자몽 아이스티 액상음료 희석음료 농축액,홍차
스타벅스 English Breakfast 티바나 잉글리쉬 블랙퍼스트 홍차 12개입 3팩,홍차/녹차/홍차/유자차
스타벅스 Teavana 티바나 얼그레이 크림 블랙티 15티백입 4팩,홍차/티백형
스타벅스 티바나 얼그레이 크림 티 15T,홍차/티백형/총량: 60T/1T당: 2.7g
스타벅스 티바나 잉글리쉬 브렉퍼스트,홍차/티백형
신라명과 얼그레이 밀크티 라떼 10T,밀크티/분말/스틱형/총량: 10T/1T당: 20g
신성아이넷 설빙 블랙티 라떼 20T,밀크티/분말/스틱형/총량: 20T/1T당: 20g
쌍계명차 과일 허그 티캔 자몽 블랙티,홍차/티백형/구성: 자몽 블랙티 6T+자몽(건조과일) 6개
쌍계명차 과일허그티캔 7종 택 1,홍차/녹차/홍차/유자차
쌍계명차 김동곤 명인이 만든 국화차 40티백,홍차/국화차/티백형
쌍계명차 김동곤 인 블랙보리차 쌍계 차 40티백,홍차
쌍계명차 쌍계 차 김동곤 인 도라지차 파우치 20티백 E,홍차
쌍계명차 쌍계 차 김동곤 인 헛개나무차 100티백 식자재 식재료 업소용,홍차/티백형
쌍계명차 어니:D 쌍계 차 김동곤 인 수국차 100티백,홍차
쌍계명차 티마스터 캔 제주황귤차 12티백,홍차/티백형
쌍계명차 티마스터 캔 허니 캐모마일 12티백,홍차/캐모마일/티백형
쌍계명차 티클립스 머스캣홍차 20티백,홍차/티백형
쌍계명차 티클립스 얼그레이 20티백,홍차/티백형
아레스 유기농 얼그레이 30T,홍차/티백형/총량: 30T/원산지: 외국산/1T당: 1.2g
아레스 유기농 잉글리쉬 블랙퍼스트 30T,홍차/티백형/총량: 30T/원산지: 외국산/1T당: 1.5g
아마드티 Ahmad Tea 아마드 티 살구 선라이즈 홍차 20티백 6팩,홍차/티백형
아마드티 다즐링 홍차 100g,홍차/원물(잎차)/원산지: 외국산
아마드티 다즐링 홍차 20T,홍차/티백형/총량: 20T/원산지: 외국산/1T당: 2g
아마드티 딸기 홍차 티백 2g 20티백,홍차/티백형
아마드티 라즈베리 인덜젼스 홍차 티백 20T,홍차/티백형/총량: 20T/원산지: 외국산/1T당: 2g
아마드티 레몬 라임 트위스트 20T,홍차/티백형/총량: 20T/원산지: 외국산/1T당: 2g
아마드티 레몬 앤 라임 트위스트 홍차 티백 2g 20개입,홍차/녹차/홍차/유자차
아마드티 레몬&라임 콜드브루 아이스티 20티백,홍차/티백형
아마드티 망고 매직 홍차 티백 20T,홍차/티백형/총량: 20T/원산지: 외국산/1T당: 2g
아마드티 망고 매직홍차 20티백,홍차/티백형
아마드티 믹스베리앤히비스커스 20티백,홍차/티백형
아마드티 바닐라 트랜퀄리티 20T,홍차/티백형/총량: 20T/원산지: 외국산/1T당: 2g
"아마드티 바닐라 트랜퀄리티 홍차, 20개입, 2개",홍차/녹차/홍차/유자차
아마드티 복숭아 패션 후르츠 홍차 2g 20개,홍차/녹차/홍차/유자차
아마드티 블랙커런트 버스트 홍차 20T,홍차/티백형/총량: 20T/원산지: 외국산/1T당: 2g
아마드티 스트로베리 센세이션 20티백,홍차
아마드티 스트로베리 센세이션 홍차 티백 20T,홍차/티백형/총량: 20T/원산지: 외국산/1T당: 2g
아마드티 실론 캔 100g,홍차/용기형/원산지: 외국산/개당중량: 100g
아마드티 실론 홍차 100g,홍차/원물(잎차)/원산지: 외국산
아마드티 실론 홍차 20T,홍차/티백형/총량: 20T/원산지: 외국산/1T당: 2g
아마드티 실론티 홍차 20티백,홍차/녹차/홍차/유자차
아마드티 아로마틱 얼 그레이 500g 2개,홍차/녹차/홍차/유자차
아마드티 아마드 라즈베리 인덜젼스 홍차 20티백,홍차/티백형
아마드티 아마드 얼그레이 캔,홍차
아마드티 아마드 잉글리쉬 블랙퍼스트 캔 100g 잎차 2개,홍차/녹차/홍차/뿌리차
아마드티 아마드 홍차-아쌈 250g팩 아쌈티 아쌈홍차 밀크티,홍차
아마드티 아마드티 망고매직 20티백,홍차/티백형
아마드티 아마드티 바닐라 트랜퀄리티 과일 홍차 20티백,홍차/티백형
아마드티 아마드티 블랙커런트 버스트 20티백,홍차/티백형
아마드티 아마드티 아마드 블랙커런트 버스트 20티백,홍차/티백형
아마드티 아마드티 아마드티 피치앤패션후르츠 20티백,홍차
아마드티 아마드티 애프리콧 선라이즈 과일 홍차 20티백,홍차/티백형
아마드티 아마드티 얼그레이 전통 홍차,홍차
아마드티 아마드티 잉글리쉬 브렉퍼스트,홍차
아마드티 아마드티 잉글리쉬 블랙퍼스트 20티백,홍차/티백형
아마드티 아마드티 후르츠 허브 셀렉션 20티백,홍차/티백형
아마드티 아쌈 홍차 100g 1개,홍차/녹차/홍차/유자차
아마드티 아쌈 홍차 100g 카톤,홍차/녹차/홍차/유자차
아마드티 아쌈 홍차 250g,홍차/원물(잎차)/원산지: 외국산
아마드티 애프리콧 썬라이즈 홍차 20T,홍차/티백형/총량: 20T/원산지: 외국산/1T당: 2g
아마드티 애플 리프레쉬 홍차,홍차
아마드티 애플 리프레쉬 홍차 티백 20T,홍차/티백형/총량: 20T/원산지: 외국산/1T당: 2g
아마드티 얼 그레이 티 100개입 200g 2개,홍차/녹차/홍차/유자차
아마드티 얼그레이 홍차 100g,홍차/원물(잎차)/원산지: 외국산
아마드티 얼그레이 홍차 티백 100T,홍차/티백형/총량: 100T/원산지: 외국산/1T당: 2g
아마드티 얼그레이 홍차 티백 20T,홍차/티백형/총량: 20T/원산지: 외국산/1T당: 2g
아마드티 와일드 스트로베리 20T,홍차/티백형/총량: 20T/원산지: 외국산/1T당: 2g
아마드티 잉글리쉬 브렉퍼스트 홍차 100티백,홍차/티백형
아마드티 잉글리쉬 블랙퍼스트 티백 2g 20티백,홍차/티백형
아마드티 잉글리쉬 블랙퍼스트 홍차 100g,홍차/원물(잎차)/원산지: 외국산
아마드티 잉글리쉬 블랙퍼스트 홍차 티백 100T,홍차/티백형/총량: 100T/원산지: 외국산/1T당: 2g
아마드티 잉글리쉬블랙퍼스트 홍차 100T/티백제품/C,홍차/녹차/홍차/유자차
아마드티 칼라미 아삼 454g 2개 2개,홍차/녹차/홍차/유자차
아마드티 콜드브루 레몬 라임 아이스티 20T,홍차/티백형/총량: 20T/원산지: 외국산
아마드티 콜드브루 피치 패숀 후르츠 아이스티 20T,홍차/티백형/총량: 20T/원산지: 외국산
아마드티 피치 패숀후르츠 홍차 20T,홍차/티백형/총량: 20T/원산지: 외국산/1T당: 2g
아마드티 피치&패션후르츠 콜드브루 아이스티 20티백,홍차/티백형
아마드티 홍차 허브차 100티백 4종,홍차/티백형
아마드티 후르츠 허브 셀렉션 20T,홍차/티백형/원산지: 외국산/구성: 페퍼민트 레몬 5T + 캐모마일 레몬그라스 5T + 레몬 진저 5T + 로즈힙 히비스커스 체리 5T
아모레퍼시픽 오설록 노을섬 아이스티 20개입,홍차/티백형
아모레퍼시픽 오설록 달빛섬 아이스 티 20T,홍차/티백형/총량: 40T/원산지: 국내산/1T당: 2g
아모레퍼시픽 오설록 달빛섬 아이스티 20개입,홍차/티백형
아모레퍼시픽 오설록 동백이 피는 곶자왈 10T (소프트케이스),홍차/티백형/총량: 10T/원산지: 국내산/1T당: 1.8g
아모레퍼시픽 오설록 동백이 피는 곶자왈 20T,홍차/티백형/총량: 20T/원산지: 국내산/1T당: 1.8g
아모레퍼시픽 오설록 동백이 피는 곶자왈 35g,홍차/원물(잎차)
아모레퍼시픽 오설록 동백이 피는 곶자왈 3T,홍차/티백형/총량: 3T/원산지: 국내산/1T당: 1.8g
아모레퍼시픽 오설록 레드파파야 블랙티 10T,홍차/티백형/총량: 10T/원산지: 외국산/1T당: 1.8g
아모레퍼시픽 오설록 레드파파야 블랙티 20T,홍차/티백형/총량: 20T/1T당: 1.8g
아모레퍼시픽 오설록 레드파파야 블랙티 3T,홍차/티백형/총량: 3T/원산지: 외국산/1T당: 1.8g
아모레퍼시픽 오설록 바닐라 허니 블랙티 20개입,홍차/티백형
아모레퍼시픽 오설록 벚꽃향 가득한 올레 10T,홍차/티백형/총량: 10T/원산지: 국내산/1T당: 1.8g
아모레퍼시픽 오설록 벚꽃향 가득한 올레 20T,홍차/티백형/총량: 20T/원산지: 국내산/1T당: 1.8g
아모레퍼시픽 오설록 벚꽃향 가득한 올레 3T,홍차/티백형/총량: 3T/원산지: 국내산/1T당: 1.8g
아모레퍼시픽 오설록 벚꽃향가득한올레 20입 피라미드,홍차/녹차/홍차/유자차
아모레퍼시픽 오설록 삼다연 오리지널 밀크티 10T,밀크티/분말/1T당: 20g
아모레퍼시픽 오설록 삼다연 제주영귤 10T,홍차/티백형/총량: 10T/원산지: 국내산/1T당: 1.8g
아모레퍼시픽 오설록 삼다연 제주영귤 20T,홍차/티백형/총량: 20T/원산지: 국내산/1T당: 1.5g
아모레퍼시픽 오설록 삼다연 제주영귤 30g,홍차/원물(잎차)/원산지: 국내산
아모레퍼시픽 오설록 삼다연 제주영귤 3T,홍차/티백형/총량: 3T/원산지: 국내산/1T당: 1.8g
아모레퍼시픽 오설록 시그니처 얼그레이 10입 피라미드티백,홍차/녹차/홍차/유자차
아모레퍼시픽 오설록 오설록 동백이 피는 곶자왈 35g,홍차
아모레퍼시픽 오설록 오설록 벚꽃향 가득한 올레 20개입,홍차/티백형
아모레퍼시픽 오설록 제주 얼그레이 20T,홍차/티백형/총량: 20T/원산지: 국내산/1T당: 2g
아모레퍼시픽 오설록 제주 얼그레이 20티백,홍차/티백형
아모레퍼시픽 오설록 제주 얼그레이 티백 1.5g 20개입,홍차/녹차/홍차/유자차
아모레퍼시픽 오설록 제주숲 홍차 10T,홍차/티백형/총량: 10T/원산지: 국내산/1T당: 1.8g
아모레퍼시픽 오설록 제주숲 홍차 10개입,홍차/티백형
아모레퍼시픽 오설록 제주숲 홍차 80g,홍차/원물(잎차)/원산지: 국내산
아모레퍼시픽 오설록 트로피칼 블랙티 티백 1.5g 20개입,홍차/녹차/홍차/유자차
아모레퍼시픽 오설록 트로피컬 블랙티 20T,홍차/티백형/총량: 40T/원산지: 외국산/1T당: 1.5g
아모레퍼시픽 오설록 티 에디션 아일랜드 6종 18개입,홍차/티백형
아모레퍼시픽 오설록 티푸드세트 랑드샤+아몬드볼,홍차/녹차/홍차/유자차
아이버블티 블랙 타피오카펄 1kg,홍차/녹차/홍차/유자차
아이차 얼그레이 홍차-50g 원료 리필용 허브차 허브티 ICHA,홍차/녹차/홍차/유자차
아이차 트로픽스타 홍차-50g 원료 리필용 블랜딩티 ICHA,홍차/녹차/홍차/유자차
아일레스 아쌈 스페셜 25T,홍차/티백형/총량: 25T/원산지: 외국산/1T당: 1.5g
아일레스 얼그레이 25T,홍차/티백형/총량: 25T/원산지: 외국산/1T당: 1.5g
아임요 밀크티베이스 1000ml 1박스 6개,홍차/녹차/홍차/유자차
아크바 골드 실론티 100g,홍차/원물(잎차)/원산지: 외국산
아크바 골드실론 홍차 캔 100g,홍차/원물(잎차)/원산지: 외국산
아크바 무가당 얼그레이 홍차베이스 1L,홍차/액상타입
아크바 복숭아향 홍차 25T,홍차/티백형/총량: ~50티백/개당중량: 2g
아크바 생강홍차 25T,홍차/티백형/총량: 600T/개당중량: 2g
아크바 스트로베리 크림 향홍차 250g,홍차/원물(잎차)/원산지: 외국산
아크바 스트로베리 크림 홍차 피라미드 티백 20개입,홍차/티백형
아크바 실론 홍차 100g 실론티 Akbar,홍차
아크바 실론 홍차 20T,홍차/티백형/총량: 20T/원산지: 외국산/1T당: 2g
아크바 실론티 실론 홍차 100g,홍차
아크바 아크바 딸기향 홍차 25티백 스트로베리 과일향홍차 Akbar,홍차
아크바 아크바 얼그레이 홍차베이스 1000ml 2개,홍차
아크바 아크바 홍차 틴케이스 100g,홍차
아크바 얼그레이 100g,홍차/원물(잎차)/원산지: 외국산
아크바 얼그레이 50티백,홍차/티백형
아크바 얼그레이 9193 1kg 베르가못향 첨가 진한 향,홍차/녹차/홍차/유자차
아크바 얼그레이 뮤직박스 250g,홍차/원물(잎차)/원산지: 외국산
아크바 얼그레이 피라미드 티백 20개입,홍차/티백형
아크바 얼그레이 홍차 100T,홍차/티백형/총량: 100T/원산지: 외국산/1T당: 2g
아크바 얼그레이 홍차 100g EarlGrey Akbar,홍차/녹차/홍차/뿌리차
아크바 얼그레이 홍차 티백 2g 100티백,홍차/티백형
아크바 얼그레이 홍차 파우더 100g,홍차/분말/원산지: 외국산
아크바 얼그레이 홍차라떼 500g,홍차/분말/원산지: 외국산
아크바 얼그레이 홍차라떼 스틱 12개입,홍차/스틱형
아크바 얼그레이 홍차베이스 12개,홍차
아크바 우바홍차 20티백 피라밋 삼각티백 Akbar,홍차/티백형
아크바 잉글리쉬 브랙퍼스트 캔 100g,홍차/원물(잎차)/원산지: 외국산
아크바 잉글리쉬 블랙퍼스트 홍차 50T,홍차/티백형/총량: 50T/원산지: 외국산/1T당: 3g
아크바 잉글리쉬 블랙퍼스트 홍차 50티백,홍차/티백형
아크바 제로슈거 얼그레이 홍차베이스 1L,홍차/녹차/홍차/유자차/용기형
아크바 제이슨티 아쌈 전통홍차 35T,홍차/티백형/총량: 35T/1T당: 1.5g
아크바 캐모마일 허브차 20티백,홍차/허브차/캐모마일/티백형
아크바 페퍼민트 20티백,홍차/티백형
알트하우스 다즐링 캐슬턴 20T,홍차/티백형/총량: 20T/1T당: 1.75g
알트하우스 레몬 민트 피라팩 15티백,홍차/허브차/티백형
알트하우스 로얄 얼그레이 20T,홍차/티백형/총량: 20T/1T당: 1.75g
알트하우스 마일드 민트 피라팩 1.75g 15티백,홍차/허브차/티백형
알트하우스 아쌈 메렝 피라팩 2.75g 15티백,홍차/티백형
알펜로제 아쌈CTC 20개입,홍차/티백형
알펜로제 얼그레이 20개입,홍차/티백형
압끼빠산드 로즈 쿠스 짜이 25T,홍차/기타 허브차/티백형
압끼빠산드 산차 산차 고아 아이스티 25티백,홍차/녹차/홍차/유자차
압끼빠산드 산차 산차 더 블러쉬 티컬렉션GIFT 30티백,홍차/녹차/홍차/유자차
압끼빠산드 산차 산차 로얄다즐링 히말라야 25티백,홍차/녹차/홍차/유자차
압끼빠산드 산차 산차 아쌈 로즈 골드티100g,홍차/녹차/홍차/유자차
압끼빠산드 산차 산차 잉글리쉬 브렉퍼스트 25티백,홍차/녹차/홍차/유자차
에빠니 얼그레이 삼각망 티백 1.5g 30개입,홍차/녹차/홍차/유자차
에빠니 유기농 홍차 다즐링 20티백,홍차/티백형
에빠니 유기농 홍차 드림 오렌지 20티백,홍차/티백형
에빠니 유기농 홍차 드림 오렌지 리필팩 130g,홍차/리필형
에빠니 유기농 홍차 레몬 트리 20티백,홍차/티백형
에빠니 유기농 홍차 레몬 트리 리필팩 130g,홍차/리필형
에빠니 유기농 홍차 매직 망고 20티백,홍차/티백형
에빠니 유기농 홍차 매직 망고 리필팩 130g,홍차/리필형
에빠니 유기농 홍차 얼그레이 블루 20티백,홍차/티백형
에빠니 유기농 홍차 얼그레이 블루 리필팩 130g,홍차/리필형
에빠니 유기농 홍차 초코 아몬드 20티백,홍차/티백형
에빠니 유기농 홍차 초코 아몬드 리필팩 130g,홍차/리필형
에빠니 홍차 얼그레이 삼각망 30티백,홍차/티백형
에스씨코리아 3시15분 밀크티 오리지널 1kg,홍차/리필형/원산지: 외국산/개당중량: 1kg
엠페르뒤 초콜렛 드 페 20T,홍차/티백형/총량: 20T/1T당: 3g
연고농장 레드비트차 티백 25p 25g 3개,홍차/녹차/홍차/유자차
영국 포트넘앤메이슨 선데티 실키티백 15개입 30g 2팩,홍차/녹차/홍차/뿌리차
예담기업 누보 TIP 홍차 파우더 2개세트,홍차
오뚜기 벨라티 허니레몬블랙티 10T,홍차/스틱형/총량: 10T/원산지: 외국산/1T당: 30g
오뚜기 벨라티 허니자몽블랙티 10T,홍차/스틱형/총량: 240T/원산지: 외국산/1T당: 30g
오뚜기 오뚜기 오리지널밀크티,홍차/밀크티/분말
오뚜기 오리지널 밀크티 10T,밀크티/분말/1T당: 18g
오뚜기 오쉐프 레몬홍차 1kg,홍차
오뚜기 오쉐프 레몬홍차 1kg 자판기용,홍차/리필형
오뚜기 오쉐프 복숭아홍차 1kg 1개입,홍차/녹차/홍차/유자차
오뚜기 오쉐프 십곡차 1박스,홍차
오렌지피플 얼그레이 홍차라떼파우더 1kg,홍차/리필형
오스터버그 딸기 크러쉬 1L 3개세트 3개,홍차/녹차/홍차/유자차
오허브 국산 볶은 볶음 옥수수차 옥수수 2kg 1kgx2,홍차/녹차/홍차/유자차
요크셔 티 블랙티 600티백 1.875Kg Yorkshire Tea Tea,홍차/녹차/홍차/뿌리차
요크셔티 영국 Yorkshire Tea 요크셔 티 홍차 3.25kg 1040티백,홍차/녹차/홍차/뿌리차
웅진식품 티즐 자몽블랙티 제로 500ml 6개,홍차/녹차/홍차/유자차
웅진식품 티즐 피치 우롱티 500mlx20페트,홍차
웨지우드 얼그레이 20T,홍차/티백형/총량: 20T/1T당: 2g
웰굿 홍천 생강나무 꽃차 30g 팩,홍차/녹차/홍차/유자차
위타드 얼그레이 25티백 50g,홍차/녹차/홍차/뿌리차
위타드 잉글리시 로즈 25티백 50g,홍차/녹차/홍차/뿌리차
위타드 잉글리시 로즈 50티백 125g,홍차/녹차/홍차/뿌리차
위타드 터키식 애플 플라버 인스턴트 티 450g,홍차/원물(잎차)
위타드 티피 아쌈 50티백 125g,홍차/녹차/홍차/뿌리차
유니레버 립톤 Lipton Tea Bags 립톤 티 312티백,홍차/티백형/총량: 401T~
유니레버 립톤 Lipton 립톤 아이스티 Iced Tea 340g 48티백 2개,홍차/녹차/홍차/뿌리차
유니레버 립톤 Lipton 립톤 아이스티 무설탕 Iced Tea 1.36kg 48티백,홍차/녹차/홍차/뿌리차
유니레버 립톤 Lipton 블랙 티백 100티백 226g,홍차/녹차/홍차/뿌리차
유니레버 립톤 Lipton 블랙티 200티백 452g 2팩,홍차/녹차/홍차/뿌리차
유니레버 립톤 디카페인 블랙티 홍차 티백 75개입 1+1,홍차/녹차/홍차/유자차
유니레버 립톤 립톤 디카페인 블랙 티 홍차 티백 141.7g 75티백,홍차/녹차/홍차/뿌리차
유니레버 립톤 립톤 티 312개입 Lipton Tea Bags,홍차/총량: 401T~
유니레버 립톤 말차밀크티 10T,밀크티/분말/스틱형/총량: 10T/1T당: 19g
유니레버 립톤 밀크티 말차 10T+우롱 10T,홍차/녹차/홍차/유자차
유니레버 립톤 아이스티 믹스 복숭아맛 홍차 40스틱 20+20,홍차/녹차/홍차/유자차
"유니레버 립톤 아이스티 복숭아, 14g, 100개",홍차/녹차/홍차/유자차
유니레버 립톤 옐로우 라벨 홍차 100T,홍차/티백형/총량: 1200T/원산지: 외국산/1T당: 2g
유니레버 립톤 옐로우 라벨 홍차 2g 100개입,홍차/녹차/홍차/유자차
유니레버 립톤 우롱밀크티 10T,밀크티/분말/스틱형/총량: 10T/1T당: 19g
유니레버 립톤 홍차 100T 2g 100개,홍차/녹차/홍차/유자차
유니레버 립톤 홍차 100티백 200g,홍차/녹차/홍차/뿌리차
유니레버 립톤 홍차 프리미엄 블루 프루트 20티백 3팩,홍차/녹차/홍차/유자차
이마트 노브랜드 노브랜드 복숭아홍차2팩 240개구성 사무실차 탕비실,홍차/티백형
이마트 노브랜드 담터 레몬홍차 20스틱 1BOX 20개입,홍차/스틱형
이마트 노브랜드 레몬 홍차 120T,홍차/티백형/총량: 120T/원산지: 외국산/1T당: 14g
이마트 노브랜드 밀크 티 10입 220G,홍차/녹차/홍차/유자차
이마트 노브랜드 복숭아 홍차 120T,홍차/티백형/총량: 120T/원산지: 외국산/1T당: 14g
이마트 노브랜드 복숭아 홍차 120입,홍차
이마트 노브랜드 애플 시나몬 홍차 12T,홍차/티백형/총량: 12T/1T당: 1.5g
이마트 노브랜드 오리지널 밀크티 10T,밀크티/분말/총량: 10T/원산지: 외국산/1T당: 22g
이마트 노브랜드 오리지널 밀크티 오리지널밀크티 220g,밀크티/분말
이마트 노브랜드 흑당버블 밀크티 350ml,홍차
이마트 피코크 얼그레이 7T,홍차/티백형/총량: 14T/원산지: 외국산/1T당: 1.2g
일동 홍차 로얄 밀크티 250g 8개 세트,홍차/녹차/홍차/유자차
일동홍차 로얄 밀크티 10T,밀크티/분말/스틱형/총량: 60T
자연초 호로파씨앗 1kg 1개,홍차/녹차/홍차/유자차
쟈뎅 가정의 달 DIY 선물세트 아워티 4종 쇼핑백,홍차/티백형
쟈뎅 아워티 30T 오렌지자몽+쿨라임+히비스커스티 일회용 홍차 허브티 민트,홍차/녹차/홍차/유자차
쟈뎅 아워티 레몬 얼그레이 티 20티백,홍차/티백형
쟈뎅 아워티 레몬 얼그레이 티 4티백,홍차/티백형
쟈뎅 아워티 레몬 얼그레이티 10T,홍차/티백형/총량: 10T/1T당: 17.7g
쟈뎅 아워티 레몬 얼그레이티 17.7g 20개,홍차/녹차/홍차/유자차
쟈뎅 아워티 레몬 얼그레이티 4T,홍차/티백형/총량: 4T/1T당: 17.7g
쟈뎅 아워티 레몬 얼그레이티 8T,홍차/티백형
쟈뎅 아워티 스트로베리 밀크티 4티백,밀크티/티백형
쟈뎅 아워티 애플 시나몬 루이보스티 8개입,홍차/루이보스/티백형
쟈뎅 아워티 애플 피치 우롱티 8개입,홍차/티백형
쟈뎅 아워티 오렌지 자몽 블랙티 10P 외 5종 1+1 골라담기,홍차/녹차/홍차/유자차
쟈뎅 아워티 오렌지 자몽 블랙티 10T,홍차/티백형/총량: 10T/1T당: 18.9g
쟈뎅 아워티 오렌지 자몽 블랙티 4T,홍차/티백형/총량: 4T/1T당: 18.9g
쟈뎅 아워티 오렌지 자몽 블랙티 4티백,홍차/티백형
쟈뎅 아워티 오렌지 자몽 블랙티 8티백,홍차/티백형
"쟈뎅 아워티 오렌지 자몽 블랙티, 10p, 2개",홍차
쟈뎅 아워티 오렌지자몽 블랙티 제로 500ml,홍차
쟈뎅 아워티 제주 청귤 캐모마일티 10티백,홍차/티백형
쟈뎅 아워티 제주 청귤 캐모마일티 20티백,홍차/허브차/캐모마일/티백형
쟈뎅 아워티 쿨라임 파인애플 민트티 10T,홍차/티백형/총량: 10T/1T당: 18.2g
쟈뎅 아워티 쿨라임 파인애플 민트티 4T,홍차/티백형/총량: 4T/1T당: 18.2g
쟈뎅 쟈뎅 아워티 레몬얼그레이 오렌지자몽 히비스커스,홍차
쟈뎅 티 자몽 블랙티 10티백,홍차/티백형
제이슨 꿀향 홍차 1.5g 35티백,홍차/티백형
제이슨티 잉글리쉬 브렉퍼스트 홍차 35 피라미드 티백,홍차
제임스티스푼 무카페인 루이보스 허브차 50개입 1.0g 50개입,홍차/녹차/홍차/유자차
제임스티스푼 스트로베리 홍차 30티백,홍차/티백형
젤스타 타로 버블티 1kg 2개세트,홍차
조은약초 얼그레이 홍차 1g 100티백,홍차/티백형
중앙 자몽 에이드 1kg 음료 아이스티 베이스 재료,홍차/녹차/홍차/유자차
중앙 중앙 복숭아홍차 900g 자판기용 아이스티 레몬 홍차,홍차/리필형
중앙식품 냉온겸용 복숭아홍차분말4.5%함유 중앙복숭아홍차900g 믿고구매하셔도 됩니다,홍차/녹차/홍차/유자차
지에프컴퍼니 네이쳐티 다즐링 홍차 잎차 벌크 1kg 대용량 밀크티,홍차/녹차/홍차/유자차
쭝웬 G7 커피 3in1 21개입 내수용 /5개 믹스커피/베트남/C,홍차/녹차/홍차/유자차
차예마을 국내산 무농약 연잎차 25g 3팩,홍차/녹차/홍차/유자차
차예마을 국내산 우엉차 30티백,홍차/녹차/홍차/유자차
차예마을 하관차창 보이차 원합운남타차 숙 100g 3개,홍차/녹차/홍차/유자차
차예마을 홍차 유기농 얼그레이 120g,홍차/녹차/홍차/유자차
차트라뮤 밀크티 50티백 4종 태국 차뜨라므 CHATRAMUE,홍차/녹차/홍차/유자차
차트라뮤 타이티 믹스 밀크티 골드라벨 2.5g 50티백,홍차/티백형/총량: ~50티백/원산지: 외국산
차파이 미도우롱차 복숭아 아이스티 음료 차,홍차
청년농원 저온가공 얼그레이 홍차 삼각티백 1g 50개,홍차/녹차/홍차/유자차
청솔 복숭아홍차 음료베이스 1.5L,홍차/녹차/홍차/유자차
커피빈 잉글리쉬 브렉퍼스트 라떼 190ml,밀크티/1회 제공량 190ml당 열량: 151kcal/탄수화물: 23g/당류: 22g/단백질: 3.6g/지방: 5g/포화지방: 3.3g/트랜스지방: 0g/콜레스테롤: 15mg/나트륨: 98mg
코카콜라음료 코카콜라 식후비법 W차 무라벨 500mlPET 24입,홍차/녹차/홍차/유자차
코코비아 메가티 얼그레이 15T,홍차/티백형/총량: 15T/원산지: 외국산/1T당: 1g
코코비아 메가티 얼그레이 삼각 15티백 2개세트,홍차/티백형
코코비아 메가티 얼그레이 삼각 15티백 5개세트,홍차/티백형
코코비아 메가티 잉글리쉬 블랙퍼스트 15T,홍차/티백형/총량: 15T/원산지: 외국산/1T당: 1g
코코비아 코코비아 메가티 유기농 히비스커스 삼각 15티백 1박스 20개,홍차/티백형
코코비아 티샹떼 얼그레이 25T,홍차/티백형/총량: 25T/원산지: 외국산/1T당: 1.5g
코코비아 티샹떼 잉글리쉬 브랙퍼스트 25T,홍차/티백형/총량: 25T/원산지: 외국산/1T당: 1.5g
쿠스미티 아나스타샤 메탈틴 100g 1개,홍차/녹차/홍차/유자차
쿠스미티 유기농 엑스퓨레 애딕트 모슬린 20티백 녹차,홍차/녹차/홍차/유자차
쿠스미티 쿠스미 엑스퓨레 오리지날 20모슬린티백,홍차/녹차/홍차/유자차
클레이튼 엘도라도 얼그레이 70g,홍차/원물(잎차)/원산지: 외국산
클리퍼 유기농 러브미트루 20T,홍차/티백형/총량: 20T/원산지: 외국산/1T당: 2.2g
타바론 NYC 브렉퍼스트 134g,홍차/원물(잎차)/원산지: 외국산
타바론 NYC 블랙퍼스트 홍차 15T,홍차/티백형/총량: 15T/원산지: 외국산/1T당: 2g
타바론 망고 멜랑 134g,홍차/원물(잎차)/원산지: 외국산
타바론 망고 멜랑 15T,홍차/티백형/총량: 15T/원산지: 외국산/1T당: 2g
타바론 망고 멜랑 52g,홍차/원물(잎차)/원산지: 외국산
타바론 얼그레이 리저브 116g,홍차/원물(잎차)/원산지: 외국산
타바론 얼그레이 리저브 44g,홍차/원물(잎차)/원산지: 외국산
타바론 허브차_로얄 캐모마일 라지 틴 60g /잎차,홍차/녹차/홍차/유자차
타이거마마 블랙티 라떼 10T,밀크티/스틱형/총량: 10T/1T당: 20g
타이거마마 흑당 밀크티 10T,밀크티/스틱형/총량: 20T/1T당: 20g
타조 TAZO 얼그레이 20티백,홍차/티백형
타조 Tazo 타조티 아이스 블랙 티 6티백,홍차/허브차/티백형
타조 디카페인 차이 20T (해외),홍차/티백형/총량: 120T/원산지: 외국산/1T당: 2.7g
타조 바닐라 카라멜 차이티 20T (해외),홍차/티백형/총량: 120T/원산지: 외국산/1T당: 2.5g
타조 아이스 블러쉬베리 블랙티 6T (해외),홍차/티백형/총량: 24T/원산지: 외국산/1T당: 19g
타조 아이스 트루 블랙 티 6T (해외),홍차/티백형/총량: 24T/원산지: 외국산/1T당: 18.5g
타조 어웨이크 잉글리쉬 블랙퍼스트 10T (해외),홍차/원산지: 외국산/1T당: 4.3g
타조 어웨이크 잉글리쉬 블랙퍼스트 20T (해외),홍차/티백형/총량: 120T/원산지: 외국산/1T당: 2.5g
타조 오가닉 차이티 20T (해외),홍차/티백형/총량: 120T/원산지: 외국산/1T당: 2.7g
타조 차이 클래식 20T (해외),홍차/티백형/총량: 120T/원산지: 외국산/1T당: 2.7g
타조 차이 클래식 라떼 6T (해외),홍차/총량: 24T/원산지: 외국산
타조 차이 펌킨 스파이스 20T (해외),홍차/티백형/총량: 40T/원산지: 외국산/1T당: 2.5g
타조 타조티 아이스 트루 홍차 블랙티 6개입 4팩 Tazo,홍차/총량: ~50개입
타코 블랙티 홍차라떼 파우더 500g,홍차/녹차/홍차/유자차
타코 타코 밀크티라떼 1박스,홍차
테일러스 헤로게이트 요크셔 티 비스킷 40티백 112g 2개 Taylors Of Harrogate Tea,홍차/녹차/홍차/뿌리차
테일러스오브헤로게이트 Yorkshire 요크셔 티 250g 80티백 2팩,홍차/녹차/홍차/뿌리차
테일러스오브헤로게이트 랍상소우총 홍차 20T,홍차/티백형/총량: 20T/원산지: 외국산/1T당: 2.5g
테일러스오브헤로게이트 레몬&오렌지 홍차 20T,홍차/티백형/총량: 20T/원산지: 외국산/1T당: 2.5g
테일러스오브헤로게이트 레몬오렌지 홍차 2.5g 20개,홍차/녹차/홍차/유자차
테일러스오브헤로게이트 아쌈 홍차 2.5g 20개,홍차/녹차/홍차/유자차
테일러스오브헤로게이트 애프터눈 다즐링 홍차 20T,홍차/티백형/총량: 20T/원산지: 외국산/1T당: 2.5g
테일러스오브헤로게이트 애프터눈 다즐링 홍차 리필 125g,홍차/원물(잎차)/원산지: 외국산
테일러스오브헤로게이트 애프터눈 다즐링 홍차 캔 125g,홍차/원물(잎차)/원산지: 외국산
테일러스오브헤로게이트 얼그레이 홍차 20T,홍차/티백형/총량: 20T/원산지: 외국산/1T당: 2.5g
테일러스오브헤로게이트 얼그레이 홍차 EarlGrey,홍차
테일러스오브헤로게이트 얼그레이 홍차 캔 125g,홍차/원물(잎차)/원산지: 외국산
테일러스오브헤로게이트 요크셔 골드 루즈티,홍차
테일러스오브헤로게이트 요크셔 골드 홍차 250g,홍차/원물(잎차)/원산지: 외국산
테일러스오브헤로게이트 요크셔 레드 3.125g 20개,홍차/녹차/홍차/유자차
테일러스오브헤로게이트 요크셔 레드 루즈 리프 1kg,홍차/원물(잎차)/원산지: 외국산
테일러스오브헤로게이트 요크셔 레드 티 홍차 20T,홍차/티백형/총량: 20T/원산지: 외국산/1T당: 2.5g
테일러스오브헤로게이트 요크셔 레드 홍차 250g,홍차/원물(잎차)/원산지: 외국산
테일러스오브헤로게이트 요크셔 잎차 250g 1개,홍차/녹차/홍차/유자차
테일러스오브헤로게이트 요크셔티 비스킷 40T,홍차/티백형/총량: 40T/1T당: 2.8g
테일러스오브헤로게이트 요크셔티 토스트&잼 40T,홍차/티백형/총량: 200T/1T당: 3.125g
테일러스오브헤로게이트 잉글리쉬 브렉퍼스트 홍차 20T,홍차/티백형/총량: 20T/원산지: 외국산/1T당: 2.5g
테일러스오브헤로게이트 잉글리쉬 브렉퍼스트 홍차 캔 125g,홍차/원물(잎차)/원산지: 외국산
테일러스오브헤로게이트 차류 골드 리필 홍차 블랜딩 밀크티 잎차 갸항차,홍차/리필형
테일러스오브헤로게이트 테일러 오브 헤로게이트 만다린 진저 20티백 허브차,홍차
테일러스오브헤로게이트 테일러 오브 헤로게이트 요크셔 디카페인 40티백 100g,홍차/녹차/홍차/뿌리차
테일러스오브헤로게이트 테일러 해러게이트 클래식 버라이어티 티 48개입,홍차/총량: ~50개입
테일러스오브헤로게이트 테일러 헤로게이트 Green Tea Herbal 48개입,홍차/총량: ~50개입
테일러스오브헤로게이트 테일러 헤로게이트 요크셔 티 250g 카톤,홍차
테일러스오브헤로게이트 테일러스오브헤로게이트 요크셔 750g 240티백,홍차/티백형/총량: 401T~
테일러스오브헤로게이트 테일러오브헤로게이트 애프터눈 다즐링 홍차,홍차
테일러스오브헤로게이트 퓨어 아쌈 홍차 리필 125g,홍차/원물(잎차)/원산지: 외국산
테일러스오브헤로게이트 헤로게이트 250g 홍차-요크셔골드 밀크티전용홍차 W465843M,홍차
테일러스오브헤로게이트 헤로게이트 과일차-스위트루바브 20티백,홍차
테일러스오브헤로게이트 헤로게이트 요크셔 홍차,홍차
테틀리 브리티시 블렌드 블랙 티 80T (해외),홍차/티백형/총량: 160T/1T당: 2.4g
테틀리 얼그레이 25T,홍차/티백형/총량: 25T/1T당: 2g
테틀리 잉글리쉬 브렉퍼스트 100T,홍차/티백형/총량: 1200T/1T당: 2g
테틀리 잉글리쉬 브렉퍼스트 25T,홍차/티백형/총량: 25T/1T당: 2g
테틀리 테틀리 잉글리쉬 브렉퍼스트 홍차 25티백 브랙퍼스트,홍차
통갱 기문 홍차 100g,홍차/원물(잎차)/원산지: 외국산
트레이더조 Trader Joes 트레이더조 디카페인 아이리쉬 브렉퍼스트 블랙티 40티백 90g 6팩,홍차/녹차/홍차/뿌리차
트레이더조 트레이더조 스파이스 매운 차이티 20티백 61g 3팩,홍차/녹차/홍차/뿌리차
트와이닝 Twinings Digest Superblends Tea Bags 35G 트와이닝 다이제스트 수퍼블랜드 20 티백 2팩,홍차/녹차/홍차/뿌리차
트와이닝 Twinings Everyday 100 Tea Bags 290G 트와이닝 에브리데이 리치 앤 풀 바디 100 티백 2팩,홍차/녹차/홍차/뿌리차
트와이닝 Twinings Green Tea Blend 80 Teabag 250G 트와이닝 그린티 앤 블랙티 블렌드 80 티백 2팩,홍차/녹차/홍차/뿌리차
트와이닝 Twinings 얼 엑스트라 볼드 20개입 3팩,홍차/총량: ~50개입
트와이닝 Twinings 차이티 티백 40g 20개입 6팩,홍차/녹차/홍차/뿌리차
트와이닝 Twinings 트와이닝 녹차 석류 라즈베리 & 딸기 20 티백 30g 1.06oz,홍차/녹차/홍차/뿌리차
트와이닝 Twinings 트와이닝 순수 홍차 프린스 오브 웨일즈 20 티백 40g 1.41oz,홍차/녹차/홍차/뿌리차
트와이닝 Twinings 트와이닝 프리미엄 홍차 블랙커런트 브리즈 20 티백 40g 1.41oz,홍차/녹차/홍차/뿌리차
트와이닝 Twinings 트와이닝차이 홍차 호박 향신료 티백 20개 40g 1.41oz,홍차/녹차/홍차/뿌리차
트와이닝 Twinings 트와이닝콜드 브루 아이스티 무가당 홍차 복숭아 20 티백 40g 1.41oz,홍차/녹차/홍차/뿌리차
트와이닝 다즐링 25T,홍차/티백형/총량: 50T/원산지: 외국산/1T당: 2g
트와이닝 다즐링 캔 100g,홍차/원물(잎차)
트와이닝 레이디 그레이 홍차 100g,홍차/원물(잎차)/원산지: 외국산
트와이닝 레이디 그레이 홍차 25T,홍차/티백형/총량: 25T/원산지: 외국산/1T당: 2g
트와이닝 레이디 그레이 홍차 티백 2g 100개,홍차/녹차/홍차/유자차
트와이닝 레이디 그레이 홍차 티백 2g 25개입,홍차/녹차/홍차/유자차
트와이닝 레이디그레이 티백,홍차/티백형
트와이닝 바닐라티 25T,홍차/티백형/총량: 25T/원산지: 외국산/1T당: 2g
트와이닝 바닐라티 25티백,홍차/티백형
트와이닝 복숭아 티 2g 25개입,홍차/녹차/홍차/유자차
트와이닝 블랙 티 크리스마스 홀리데이 패키지 20T,홍차/티백형/총량: 40T/1T당: 2g
트와이닝 실론 오렌지 페코 25T,홍차/티백형/총량: 25T/원산지: 외국산/1T당: 2g
트와이닝 얼그레이 100g,홍차/원물(잎차)/원산지: 외국산
트와이닝 얼그레이 25T,홍차/티백형/총량: 300T/원산지: 외국산/1T당: 2g
트와이닝 얼그레이 루스리프 잎차 125g x2팩,홍차/녹차/홍차/뿌리차
트와이닝 얼그레이 티백 2g 150개,홍차/티백형
트와이닝 얼그레이 티백 2g 25티백,홍차/티백형
트와이닝 얼그레이 티백 2g 50개,홍차/녹차/홍차/유자차
트와이닝 얼그레이 틴케이스 1개 500g,홍차/녹차/홍차/유자차
트와이닝 얼그레이 홍차 100g 4개,홍차/녹차/홍차/유자차
트와이닝 얼그레이 홍차 티백 2g 200개,홍차/티백형
트와이닝 얼그레이티 100T,홍차/티백형/총량: 100T/원산지: 외국산/1T당: 2g
트와이닝 이닝 다즐링 25티백,홍차/티백형
트와이닝 잉글리쉬 브랙퍼스트 티 틴케이스 200g 1개,홍차/녹차/홍차/유자차
트와이닝 잉글리쉬 브렉퍼스트 홍차 틴,홍차/용기형
트와이닝 잉글리쉬 블랙퍼스트 100g,홍차/원물(잎차)/원산지: 외국산
트와이닝 잉글리쉬 블랙퍼스트 25T,홍차/티백형/총량: 25T/원산지: 외국산/1T당: 2g
트와이닝 잉글리쉬 블랙퍼스트 티백 2g 100개입 1개,홍차/녹차/홍차/유자차
트와이닝 잉글리쉬브랙퍼스트 티백 2g 25개입,홍차/녹차/홍차/유자차
트와이닝 체리 시나몬 허브티 20티백 4박스 Twinings Cherry Cinnamon Tea Bags 20S 40G,홍차/녹차/홍차/뿌리차
트와이닝 클래식 차 컬렉션 티백 2g 20개입,홍차/녹차/홍차/유자차
트와이닝 클래식 차 컬렉션 티백 2g 40개입,홍차/녹차/홍차/유자차
트와이닝 트와이닝 Twinings 홍차 크리스마스 티 20티백 2팩,홍차/티백형
트와이닝 트와이닝 그린티 20티백,홍차
트와이닝 트와이닝 아쌈 스트롱 앤 말티 티백 80개입 200g 2팩,홍차/녹차/홍차/뿌리차
트와이닝 트와이닝 잉글리쉬 브렉퍼스트 티백 2g 100개 트와이닝 잉글리쉬 브렉퍼스트 티백,홍차/녹차/홍차/뿌리차
트와이닝 트와이닝 잉글리쉬 브렉퍼스트 티백 Twinings 200g 2팩,홍차/녹차/홍차/뿌리차
트와이닝 트와이닝 콜드 인퓨즈 6종 티백 세트 Twinings,홍차
트와이닝 트와이닝 프리미엄 홍차 믹스 베리 20티백 40g 1.41oz,홍차/녹차/홍차/뿌리차
트와이닝 트와이닝 홍차 아이스티 콜드 브루 복숭아 티백 20개 40g,홍차/녹차/홍차/뿌리차
트와이닝 퓨어 그린 티 디카페인 20티백 4박스 Twinings Green Pure Decaffeinated 20S 40G,홍차/녹차/홍차/뿌리차
트와이닝 퓨어 실론 티백 홍차 2g 25개입,홍차/녹차/홍차/유자차
트와이닝 프린스 오브 웨일즈 25T,홍차/티백형/총량: 25T/원산지: 외국산/1T당: 2g
트와이닝스 Twinings Peach Cold Brew Iced Tea 피치 콜드 브루 아이스 티 20티백 40g 6팩,홍차/녹차/홍차/뿌리차
티랑 타히보티백 1g 100개입,홍차/녹차/홍차/유자차
티랜드 유기농 얼그레이 홍차 20T,홍차/티백형/총량: 20T/1T당: 1g
티마드 SHIH CHEN FOODS 밀크티파우더 500g,홍차
티마드 로즈버드 로얄 밀크티파우더 가루 카페용,홍차
티메이드 얼그레이 120g 잎차 홍차,홍차/녹차/홍차/유자차
티메이드 얼그레이 홍차 25T,홍차/티백형/총량: 25T/원산지: 외국산/1T당: 1g
티바인 로얄 로열 블랙 밀크티 스틱 베이스 라떼 홍차 가루 스틱 12개입,홍차/녹차/홍차/유자차
티애뉴 그린 소금밀크티 10T,밀크티/스틱형/총량: 10T/1T당: 20g
티젠 삼각티백 잉글리쉬 브렉퍼스트 25티백 2개,홍차/티백형
티젠 실론 얼그레이 바닐라 밀크티 20개입,밀크티/스틱형
티젠 얼그레이 100T,홍차/티백형/총량: 100T/원산지: 외국산/1T당: 1.6g
티젠 얼그레이 20T,홍차/티백형/총량: 20T/원산지: 외국산/1T당: 1.6g
티젠 얼그레이 프렌치블루 25T,홍차/티백형/총량: 25T/원산지: 외국산/1T당: 1.8g
티젠 얼그레이 홍차 25T,홍차/티백형/총량: 25T/원산지: 외국산/1T당: 1.5g
티젠 얼그레이 홍차 25티백,홍차/티백형
티젠 잉글리쉬 브렉퍼스트 25T,홍차/티백형/총량: 25T/원산지: 외국산/1T당: 1.5g
티젠 제주 말차 초코 밀크티 20T,밀크티/분말/스틱형/총량: 20T/1T당: 15g
티젠 해남호지차 카라멜 밀크티 20개입,밀크티/스틱형
티칸네 네로 20T,홍차/티백형/총량: 20T/1T당: 1.5g
티칸네 뉴욕 차이 20T,홍차/티백형/총량: 80T/1T당: 1.75g
티칸네 독일 Teekanne 티칸네 루이보스 바닐라차 20티백 4팩,홍차/티백형
티칸네 아쌈 홍차 20T,홍차/티백형/총량: 200T/원산지: 외국산/1T당: 1.75g
티칸네 얼그레이 20T,홍차/티백형/총량: 20T/원산지: 외국산/1T당: 1.75g
티칸네 잉글리쉬 블랙퍼스트 홍차 20T,홍차/티백형/총량: 20T/원산지: 외국산/1T당: 1.75g
티칸네 티칸네 프리미엄 잉글리쉬 블랙퍼스트 20개입,홍차/총량: ~50개입
티투티 맬버른 브렉퍼스트티백 25개입 50g T2Tea Melbourne Breakfast Tea,홍차/녹차/홍차/뿌리차
티투티 맬버른 브렉퍼스트티백 틴 25개입 50g,홍차/녹차/홍차/뿌리차
티투티 맬버른 브렉퍼스트티백 틴 60개입 120g T2Tea Melbourne Breakfast Tea,홍차/녹차/홍차/뿌리차
티투티 얼그레이 블랙티 25티백 50g 2개 T2Tea Earl Grey Black Tea,홍차/녹차/홍차/뿌리차
티투티 얼그레이 블랙티 밀봉백 60티백 120g T2Tea Earl Grey Black Tea,홍차/녹차/홍차/뿌리차
티투티 얼그레이 블랙티 티캐디 60티백 120g T2Tea Earl Grey Black Tea,홍차/녹차/홍차/뿌리차
티투티 얼그레이 블랙티 틴 25티백 50g T2Tea Earl Grey Black Tea,홍차/녹차/홍차/뿌리차
티투티 잉글리시 브렉퍼스트티백 25개입 50g 2개 T2Tea English Breakfast Tea,홍차/녹차/홍차/뿌리차
티투티 잉글리시 브렉퍼스트티백 틴 25개입 50g T2Tea English Breakfast Tea,홍차/녹차/홍차/뿌리차
티투티 잉글리시 브렉퍼스트티백 틴 60개입 120g T2Tea English Breakfast Tea,홍차/녹차/홍차/뿌리차
티투티 프렌치 얼그레이티백 25개입 50g 2개 T2Tea Black Tea,홍차/녹차/홍차/뿌리차
티투티 프렌치 얼그레이티백 리저러블백 60개입 90g T2Tea Black Tea,홍차/녹차/홍차/뿌리차
티투티 프렌치 얼그레이티백 틴 25개입 50g T2Tea Black Tea,홍차/녹차/홍차/뿌리차
티퍼런스 ABC 퍼플티 15T,"홍차/티백형/총량: 15T/원재료: 애플씨티, 당근, 비트, 시나몬, 퍼플티/산뜻한 향/상큼한 맛"
티퍼런스 민트 퍼플티 15T,"홍차/티백형/총량: 15T/원재료: 페퍼민트, 퍼플티, 귤피, 레몬그라스, 레몬밤/민트향/청량감"
티퍼런스 베리 퍼플티 15T,"홍차/티백형/총량: 15T/원재료: 퍼플티, 히비스커스, 딸기, 로즈힙, 체리, 레몬머틀, 로즈페탈/과일향/새콤달콤"
티퍼런스 오트 펌킨 퍼플티 15T,"홍차/티백형/총량: 15T/원재료: 메밀, 퍼플티, 현미, 보리, 귀리, 팥, 단호박, 늙은호박/곡물향/구수한 맛"
파낙스코리아 로쏘 청포도 1L 2개,홍차
팔레데떼 구 휘스 셉뜨 아그륌므(시트러스 칵테일) 20T,홍차/티백형/총량: 20T/원산지: 외국산/1T당: 2g
팔레데떼 블루 오브 런던 얼그레이 20T,홍차/티백형/총량: 20T/원산지: 외국산/1T당: 2g
팔레데떼 빅벤 20T,홍차/티백형/총량: 20T/원산지: 외국산/1T당: 2g
팔레데떼 티 콜렉션 세트 36티백 차 선물세트,홍차/녹차/홍차/유자차
팔레데떼 파리스 포 허 20티백 녹차,홍차/티백형
페를레디솔레 레몬 홍차 15T,홍차/티백형/총량: 15T/1T당: 2.5g
평창다원 다비앙 얼그레이 20T,홍차/티백형/총량: 20T/원산지: 외국산/1T당: 1.5g
포트넘&메이슨 포트넘 앤 메이슨 블랙퍼스트 블랜드 15입,홍차/티백형
포트넘&메이슨 포트넘 앤 메이슨 블랙퍼스트 블렌드 50,홍차
포트넘&메이슨 포트넘 앤 메이슨 아쌈 슈퍼브 홍차 125g,홍차/원물(잎차)
포트넘&메이슨 포트넘 앤 메이슨 애프터눈 블렌드 Afternoon 250g,홍차
포트넘&메이슨 포트넘 앤 메이슨 웨딩 블랙퍼스트 블렌드 250g,홍차
포트넘&메이슨 포트넘앤메이슨 브랙퍼스트 블렌드 15T,홍차/티백형/총량: 15T/1T당: 2.5g
포트넘&메이슨 포트넘앤메이슨 브랙퍼스트 블렌드 200g,홍차/원물(잎차)
포트넘&메이슨 포트넘앤메이슨 브랙퍼스트 블렌드 25T,홍차/티백형/총량: 25T/1T당: 2g
포트넘&메이슨 포트넘앤메이슨 브랙퍼스트 블렌드 50T,홍차/티백형/총량: 50T/1T당: 2g
포트넘&메이슨 포트넘앤메이슨 브랙퍼스트 블렌드 틴 250g,홍차/원물(잎차)
포트넘&메이슨 포트넘앤메이슨 브랙퍼스트 블렌드 틴 50T,홍차/티백형/총량: 50T/1T당: 2g
포트넘&메이슨 포트넘앤메이슨 브렉퍼스트 블렌드 50개입 틴,홍차/티백형
포트넘&메이슨 포트넘앤메이슨 블랙티 위드 레몬 125g,홍차/원물(잎차)
포트넘&메이슨 포트넘앤메이슨 블랙티 위드 레몬 25T,홍차/티백형/총량: 25T/1T당: 2g
포트넘&메이슨 포트넘앤메이슨 애프터눈 블랜드 25 Tea Bags,홍차/티백형
포트넘&메이슨 포트넘앤메이슨 애프터눈 블랜드 Caddy,홍차
포트넘&메이슨 포트넘앤메이슨 애프터눈 블렌드 250g,홍차/원물(잎차)
포트넘&메이슨 포트넘앤메이슨 애프터눈 블렌드 25T,홍차/티백형/총량: 25T/1T당: 2g
포트넘&메이슨 포트넘앤메이슨 애프터눈 블렌드 50T,홍차/티백형/총량: 50T/1T당: 2g
포트넘&메이슨 포트넘앤메이슨 애프터눈 블렌드 틴 125g,홍차/원물(잎차)
포트넘&메이슨 포트넘앤메이슨 애프터눈 블렌드 틴 250g,홍차/원물(잎차)
포트넘&메이슨 포트넘앤메이슨 웨딩 브랙퍼스트 틴 250g,홍차/원물(잎차)
포트넘앤메이슨 Fortnum & MASON Breakfast Blend Pocket Tin 블랙퍼스트 블렌드 포켓 틴 5티백 12.5g 2팩,홍차/녹차/홍차/뿌리차
포트넘앤메이슨 Fortnum & MASON Victoria Grey 빅토리아 그레이 15티백 37.5g 2팩,홍차/녹차/홍차/뿌리차
포트넘앤메이슨 Fortnum & Mason 포트넘앤메이슨 랩소디 보태니컬 인퓨전 틴 실키 15티백 37.5g 2통,홍차/녹차/홍차/뿌리차
포트넘앤메이슨 Fortnum & Mason 포트넘앤메이슨 템포 보태니컬 인퓨전 틴 실키 15티백 30g 2통,홍차/녹차/홍차/뿌리차
포트넘앤메이슨 fortnum mason Tea 영국 포트넘 앤 메이슨 녹턴 보태니컬 인퓨전 티 틴케이스 15티백 30g 2팩,홍차/녹차/홍차/뿌리차
포트넘앤메이슨 fortnum mason Tea 영국 포트넘 앤 메이슨 로즈 포총 티 홍차 15티백 37.5g 2팩,홍차/녹차/홍차/뿌리차
포트넘앤메이슨 fortnum mason Tea 영국 포트넘 앤 메이슨 인퓨전 트리오 티 3종 세트 30티백 65g,홍차/녹차/홍차/뿌리차
포트넘앤메이슨 로얄 블렌드 티 25티백 50g 2팩,홍차/녹차/홍차/뿌리차
포트넘앤메이슨 로즈 포숑 실키 15티백 37.5g Rose Pouchong Whole Leaf Silky Tea Bags,홍차/녹차/홍차/뿌리차
포트넘앤메이슨 시칠리아 레몬 홍차 클래식 분홍색 핑크 박스 50g 50티백,홍차/녹차/홍차/유자차
포트넘앤메이슨 애프터눈 블렌드 티 25티백 50g 2팩,홍차/녹차/홍차/뿌리차
포트넘앤메이슨 얼그레이 클래식 37.5g 15 실키 티백 15개 15개,홍차/녹차/홍차/유자차
포트넘앤메이슨 영국 포트넘 포트메이슨 홍차 25티백 50g 4팩,홍차/녹차/홍차/뿌리차
포트넘앤메이슨 포트넘 앤 메이슨 아쌈 슈퍼브 루즈리프티 홍차잎차 125g,홍차
포트넘앤메이슨 포트넘앤 메이슨 그린 얼그레이 25티백 50g x4팩,홍차/녹차/홍차/뿌리차
포트넘앤메이슨 포트넘앤메이슨 브렉퍼스트 블렌드 25티백,홍차/티백형
포트넘앤메이슨 포트넘앤메이슨 아이리쉬 브렉퍼스트 25티백 50g x2팩,홍차/녹차/홍차/뿌리차
포트넘앤메이슨 포트넘앤메이슨 쥬빌리 블렌드 홍차 티백 25개 50g,홍차/녹차/홍차/뿌리차
포트넘앤메이슨 포트넘앤메이슨 퀸앤 블렌드 티백 25개입 1.76oz 50g,홍차/녹차/홍차/뿌리차
포트넘앤메이슨 포트넘앤메이슨 크리스마스스파이스티37.5g 15티백1통,홍차/녹차/홍차/뿌리차
포트넘앤메이슨 포트넘앤메이슨 크리스티닝 블렌드티 티백 25개 50g,홍차/녹차/홍차/뿌리차
포트넘앤메이슨 포트넘앤메이슨 포트메이슨 25티백 50g x2팩,홍차/녹차/홍차/뿌리차
푸른들판 국내산 건조 금전초 긴병꽃풀 100g 국산 말린금전초 차 전통차,홍차/녹차/홍차/유자차
풍기인삼농협 다예 다예 실론티 - 지퍼백50T 오피스용실론티 지퍼백용실,홍차
프롬해빗 블렌딩티 해비티 장미 홍차 10T,홍차/티백형/총량: 10T/1T당: 2g
프롬해빗 블렌딩티 해비티 장미 홍차 5T,홍차/티백형/총량: 5T/1T당: 2g
프리미어스티 닐기리 30T,홍차/티백형/총량: 30T/원산지: 외국산/1T당: 2.5g
프리미어스티 로맨틱 넘버 나인 30T,홍차/티백형/총량: 30T/원산지: 외국산/1T당: 2.5g
프리미어스티 매직 티완드 버스데이 스페셜 12T,홍차/티백형/총량: 12T/원산지: 외국산/1T당: 2.5g
프리미어스티 매직 티완드 초콜릿 12개입,홍차/스틱형
프리미어스티 스트로베리 25T,홍차/티백형/총량: 25T/원산지: 외국산/1T당: 2g
프리미어스티 얼그레이 30T,홍차/티백형/총량: 30T/원산지: 외국산/1T당: 2.5g
프리미어스티 잉글리쉬 브랙퍼스트 25T,홍차/티백형/총량: 25T/원산지: 외국산/1T당: 2g
프리미어스티 트로피컬 머스캣 30T,홍차/티백형/총량: 30T/원산지: 외국산/1T당: 2.5g
프리미어스티 티 로맨틱 넘버 나인 홍차,홍차/티백형
프리미어스티 티백 아쌈 25티백,홍차/티백형
프리미어스티 티백 얼그레이 25티백,홍차/티백형
프리미어스티 프리미어스 CTC 아쌈,홍차/티백형
프리미어스티 프리미어스 매직티완드 아쌈,홍차/티백형
프리미어스티 프리미어스 매직티완드 얼그레이,홍차/티백형
하관차창 보이차 7663 하관원차 숙 금인 357g,홍차/녹차/홍차/유자차
하루야마 밀크티 파우더 500g,홍차/분말
한국청정음료 몽베스트 위드 더 블랜딩 하우스 얼그레이 블랙티 10T,홍차/분말/스틱형/총량: 40T/1T당: 0.8g
할리스커피 로얄 밀크티 20g 20개입,홍차/녹차/홍차/유자차
할리스커피 복숭아얼그레이 파우치 2팩 20입,홍차
햄스테드 유기농 얼그레이 티 20T,홍차/티백형/총량: 20T/원산지: 외국산/1T당: 2g
햄스테드 유기농 잉글리쉬 블랙퍼스트 20T,홍차/티백형/총량: 20T/원산지: 외국산/1T당: 2g
햄스테드 잉글리쉬 브렉퍼스트 홍차 20티백 잉글리쉬브렉퍼스트 잉글리쉬브렉퍼스트차 잉글리쉬브랙퍼스트차 잉글리쉬브랙퍼스트 홍차티백,홍차
허니 구아바 피치 블랙차 10T 블랜딩티 홍차 함유,홍차/티백형
허니앤손스 Harney Sons 드래곤 펄 자스민 20티백,홍차/티백형
허니앤손스 Harney Sons 하니앤손스 얼그레이 티 20개입 2팩 Earl Tea,홍차
허니앤손스 블랙 커런트 홍차 20T,홍차/티백형/총량: 40T/1T당: 2g
허니앤손스 얼그레이 슈프림 20티백,홍차/티백형
허니앤손스 오플닷컴 윈터 화이트 얼그레이 차 파인 티 20 티백 Harney Sons 빠른직구,홍차/티백형
허니앤손스 파인티 윈터 화이트 얼 그레이 20T,홍차/티백형/총량: 40T/원산지: 외국산
허니앤손스 하니앤손스 20개입 Hot Cinnamon Spice,홍차/총량: ~50개입
허니앤손스 하니앤손스 Black Currant Black Tea 20티백,홍차/티백형
허니앤손스 하니앤손스 그린티 with 코코넛 진저 바닐라 30티백,홍차/티백형
허니앤손스 하니앤손스 그린티 위드 코코넛,홍차
허니앤손스 하니앤손스 디카페인 핫 시나몬 홍차 20 2팩,홍차
허니앤손스 하니앤손스 잉글리쉬 블랙퍼스트 티 20개입 2팩,홍차/총량: ~50개입
허니앤손스 하니앤손스 잉글리쉬 블랙퍼스트 티 30개입 2팩,홍차/총량: ~50개입
허니앤손스 하니앤손스 파리 클래식 콜렉션 20개입 1.4oz 40g 3팩,홍차/총량: ~50개입
허니앤손스 하니앤손스 하니앤손스 핫 시나몬 선셋 블랙티 20개입 4팩,홍차
허니앤손스 하니앤손스 핫 시나몬 스파이스,홍차
허니앤손스 하니앤손스 핫 시나몬 스파이스 50개입 Harney Sons,홍차/총량: ~50개입
허니앤손스 하니앤손스 핫 시나몬 스파이스 홍차 블랙티 30개 3팩,홍차
허니앤손스 하니티 얼그레이 임페리얼 Imperial 블랙티 30개입,홍차/총량: ~50개입
허니앤손스 핫 시나몬 선셋 20T,홍차/티백형/총량: 40T/원산지: 외국산/1T당: 2g
허니앤손스 핫 시나몬 스파이스 112g,홍차/원물(잎차)/원산지: 외국산
허니앤손스 핫 시나몬 스파이스 30T,홍차/티백형/총량: 30T/원산지: 외국산
허니앤손스 허니앤손스 셀레브레이션 블랙티 티백 30개 75g 2팩,홍차/녹차/홍차/뿌리차
허니앤손스 허니앤손스 하니앤손스 20개입 Citron Green,홍차/총량: ~50개입
허니앤손스 허니앤손스 하니앤손스 20개입 English Breakfast,홍차/총량: ~50개입
허브월드 티트라움 실론 홍차 18g,홍차/원물(잎차)/원산지: 외국산
허브월드 티트라움 실론 홍차 30T,홍차/티백형/총량: 30T/원산지: 외국산/1T당: 1.2g
허브월드 티트라움 얼그레이 23g,홍차/원물(잎차)/원산지: 외국산
허브월드 티트라움 얼그레이 30T,홍차/티백형/총량: 30T/원산지: 외국산/1T당: 1.2g
허브월드 티트라움 얼그레이 리필 100g,홍차/원물(잎차)/원산지: 외국산
허브월드 티트라움 잉글리쉬 블랙퍼스트 홍차 30T,홍차/티백형/총량: 30T/원산지: 외국산/1T당: 1.2g
혜토 로얄오차드 드래곤 브랙퍼스트 실버틴 8T,홍차/티백형/총량: 8T/원산지: 외국산/1T당: 1.8g
혜토 로얄오차드 드래곤 블랙퍼스트 홍차 실버틴 6티백,홍차/녹차/홍차/유자차
혜토 로얄오차드 드래곤브랙퍼스트 실버틴 8티백,홍차/허브차/티백형
혜토 로얄오차드 블랙티 기문 잎차 23g,홍차/원물(잎차)/원산지: 외국산
혜토 로얄오차드 블랙티 다즐링 잎차 23g,홍차/원물(잎차)/원산지: 외국산
혜토 로얄오차드 블랙티 실론 잎차 23g,홍차/원물(잎차)/원산지: 외국산
혜토 로얄오차드 블랙티 아쌈 잎차 23g,홍차/원물(잎차)/원산지: 외국산
혜토 로얄오차드 블랙티 얼그레이 잎차 23g,홍차/원물(잎차)/원산지: 외국산
혜토 로얄오차드 블랙티 우바 잎차 23g,홍차/원물(잎차)/원산지: 외국산
혜토 로얄오차드 블랙티 잉글리쉬 블랙퍼스트 잎차 23g,홍차/원물(잎차)/원산지: 외국산
혜토 로얄오차드 블루민트 18티백,홍차/티백형
혜토 로얄오차드 스파이스브리즈 18T,홍차/티백형/총량: 18T/원산지: 국내산/1T당: 1.5g
혜토 로얄오차드 스파이스브리즈 실버틴 8T,홍차/티백형/총량: 8T/원산지: 국내산/1T당: 1.5g
혜토 로얄오차드 얼그레이 클래식 18T,홍차/티백형/총량: 18T/원산지: 외국산/1T당: 1.8g
혜토 로얄오차드 얼그레이 클래식 실버틴 8T,홍차/티백형/총량: 8T/원산지: 외국산/1T당: 1.8g
혜토 알뮤터 얼그레이 114g,홍차/원물(잎차)/원산지: 외국산
힐카트테일즈 다즐링 무스카텔 블랙티 14T,홍차/티백형/총량: 14T/원산지: 외국산/1T당: 2.3g
힐카트테일즈 망고 돌체 블랙티 7T,홍차/티백형/총량: 7T/원산지: 외국산/1T당: 1.2g
